,movie_id,movie_title,average_rating,rating_count,weighted_rating
49,50,Star Wars (1977),4.36,583,2541.88
99,100,Fargo (1996),4.16,508,2113.28
180,181,Return of the Jedi (1983),4.01,507,2033.07
257,258,Contact (1997),3.8,509,1934.1999999999998
173,174,Raiders of the Lost Ark (1981),4.25,420,1785.0
126,127,"Godfather, The (1972)",4.28,413,1767.64
285,286,"English Patient, The (1996)",3.66,481,1760.46
0,1,Toy Story (1995),3.88,452,1753.76
97,98,"Silence of the Lambs, The (1991)",4.29,390,1673.1
287,288,Scream (1996),3.44,478,1644.32
55,56,Pulp Fiction (1994),4.06,394,1599.6399999999999
299,300,Air Force One (1997),3.63,431,1564.53
171,172,"Empire Strikes Back, The (1980)",4.2,367,1541.4
293,294,Liar Liar (1997),3.16,485,1532.6000000000001
6,7,Twelve Monkeys (1995),3.8,392,1489.6
312,313,Titanic (1997),4.25,350,1487.5
120,121,Independence Day (ID4) (1996),3.44,429,1475.76
236,237,Jerry Maguire (1996),3.71,384,1424.6399999999999
116,117,"Rock, The (1996)",3.69,378,1394.82
78,79,"Fugitive, The (1993)",4.04,336,1357.44
172,173,"Princess Bride, The (1987)",4.17,324,1351.08
203,204,Back to the Future (1985),3.83,350,1340.5
221,222,Star Trek: First Contact (1996),3.66,365,1335.9
317,318,Schindler's List (1993),4.47,298,1332.06
209,210,Indiana Jones and the Last Crusade (1989),3.93,331,1300.8300000000002
167,168,Monty Python and the Holy Grail (1974),4.07,316,1286.1200000000001
63,64,"Shawshank Redemption, The (1994)",4.45,283,1259.3500000000001
268,269,"Full Monty, The (1997)",3.93,315,1237.95
68,69,Forrest Gump (1994),3.85,321,1235.8500000000001
301,302,L.A. Confidential (1997),4.16,297,1235.52
21,22,Braveheart (1995),4.15,297,1232.5500000000002
150,151,Willy Wonka and the Chocolate Factory (1971),3.63,326,1183.3799999999999
95,96,Terminator 2: Judgment Day (1991),4.01,295,1182.95
194,195,"Terminator, The (1984)",3.93,301,1182.93
182,183,Alien (1979),4.03,291,1172.73
11,12,"Usual Suspects, The (1995)",4.39,267,1172.1299999999999
8,9,Dead Man Walking (1995),3.9,299,1166.1
422,423,E.T. the Extra-Terrestrial (1982),3.83,300,1149.0
190,191,Amadeus (1984),4.16,276,1148.16
404,405,Mission: Impossible (1996),3.31,344,1138.64
88,89,Blade Runner (1982),4.14,275,1138.5
256,257,Men in Black (1997),3.75,303,1136.25
215,216,When Harry Met Sally... (1989),3.91,290,1133.9
356,357,One Flew Over the Cuckoo's Nest (1975),4.29,264,1132.56
175,176,Aliens (1986),3.95,284,1121.8
14,15,Mr. Holland's Opus (1995),3.78,293,1107.54
275,276,Leaving Las Vegas (1995),3.7,298,1102.6000000000001
27,28,Apollo 13 (1995),3.93,276,1084.68
482,483,Casablanca (1942),4.46,243,1083.78
274,275,Sense and Sensibility (1995),4.01,268,1074.6799999999998
233,234,Jaws (1975),3.78,280,1058.3999999999999
201,202,Groundhog Day (1993),3.76,280,1052.8
134,135,2001: A Space Odyssey (1968),3.97,259,1028.23
327,328,Conspiracy Theory (1997),3.42,295,1008.9
24,25,"Birdcage, The (1996)",3.44,293,1007.92
131,132,"Wizard of Oz, The (1939)",4.08,246,1003.6800000000001
237,238,Raising Arizona (1987),3.88,256,993.28
747,748,"Saint, The (1997)",3.12,316,985.9200000000001
195,196,Dead Poets Society (1989),3.92,251,983.92
184,185,Psycho (1960),4.1,239,979.8999999999999
196,197,"Graduate, The (1967)",4.1,239,979.8999999999999
193,194,"Sting, The (1973)",4.06,241,978.4599999999999
741,742,Ransom (1996),3.64,267,971.88
81,82,Jurassic Park (1993),3.72,261,970.9200000000001
96,97,Dances with Wolves (1990),3.79,256,970.24
474,475,Trainspotting (1996),3.88,250,970.0
267,268,Chasing Amy (1997),3.79,255,966.45
185,186,"Blues Brothers, The (1980)",3.84,251,963.8399999999999
495,496,It's a Wonderful Life (1946),4.12,231,951.72
110,111,"Truth About Cats & Dogs, The (1996)",3.49,272,949.2800000000001
117,118,Twister (1996),3.22,293,943.46
143,144,Die Hard (1988),3.87,243,940.4100000000001
426,427,To Kill a Mockingbird (1962),4.29,219,939.51
152,153,"Fish Called Wanda, A (1988)",3.79,247,936.13
227,228,Star Trek: The Wrath of Khan (1982),3.82,244,932.0799999999999
69,70,Four Weddings and a Funeral (1994),3.66,251,918.6600000000001
602,603,Rear Window (1954),4.39,209,917.5099999999999
10,11,Seven (Se7en) (1995),3.85,236,908.6
332,333,"Game, The (1997)",3.59,251,901.0899999999999
179,180,Apocalypse Now (1979),4.05,221,895.05
181,182,GoodFellas (1990),3.95,226,892.7
654,655,Stand by Me (1986),3.88,227,880.76
264,265,"Hunt for Red October, The (1990)",3.86,227,876.22
7,8,Babe (1995),4.0,219,876.0
186,187,"Godfather: Part II, The (1974)",4.19,209,875.71
124,125,Phenomenon (1996),3.56,244,868.64
178,179,"Clockwork Orange, A (1971)",3.91,221,864.11
281,282,"Time to Kill, A (1996)",3.69,232,856.08
434,435,Butch Cassidy and the Sundance Kid (1969),3.95,216,853.2
133,134,Citizen Kane (1941),4.29,198,849.42
514,515,"Boot, Das (1981)",4.2,201,844.2
271,272,Good Will Hunting (1997),4.26,198,843.4799999999999
567,568,Speed (1994),3.65,230,839.5
142,143,"Sound of Music, The (1965)",3.77,222,836.94
94,95,Aladdin (1992),3.81,219,834.39
70,71,"Lion King, The (1994)",3.78,220,831.5999999999999
473,474,Dr. Strangelove or: How I Learned to Stop Worrying and Love the Bomb (1963),4.25,194,824.5
210,211,M*A*S*H (1970),3.91,206,805.46
470,471,Courage Under Fire (1996),3.61,221,797.81
272,273,Heat (1995),3.57,223,796.11
174,175,Brazil (1985),3.82,208,794.56
199,200,"Shining, The (1980)",3.83,206,788.98
207,208,Young Frankenstein (1974),3.94,200,788.0
214,215,Field of Dreams (1989),3.7,212,784.4000000000001
526,527,Gandhi (1982),4.02,195,783.8999999999999
507,508,"People vs. Larry Flynt, The (1996)",3.6,215,774.0
288,289,Evita (1996),2.98,259,771.82
545,546,Broken Arrow (1996),3.03,254,769.62
479,480,North by Northwest (1959),4.28,179,766.12
160,161,Top Gun (1986),3.48,220,765.6
587,588,Beauty and the Beast (1991),3.79,202,765.58
478,479,Vertigo (1958),4.25,179,760.75
300,301,In & Out (1997),3.3,230,759.0
123,124,Lone Star (1996),4.05,187,757.35
87,88,Sleepless in Seattle (1993),3.54,213,754.02
22,23,Taxi Driver (1976),4.12,182,749.84
208,209,This Is Spinal Tap (1984),3.91,191,746.8100000000001
244,245,"Devil's Own, The (1997)",3.11,240,746.4
3,4,Get Shorty (1995),3.55,209,741.9499999999999
384,385,True Lies (1994),3.56,208,740.48
510,511,Lawrence of Arabia (1962),4.23,173,731.7900000000001
297,298,Face/Off (1997),3.77,194,731.38
13,14,"Postino, Il (1994)",3.97,183,726.51
82,83,Much Ado About Nothing (1993),4.06,176,714.56
202,203,Unforgiven (1992),3.87,182,704.34
513,514,Annie Hall (1977),3.91,180,703.8000000000001
322,323,Dante's Peak (1997),2.93,240,703.2
650,651,Glory (1989),4.08,171,697.6800000000001
284,285,Secrets & Lies (1996),4.27,162,691.7399999999999
198,199,"Bridge on the River Kwai, The (1957)",4.18,165,689.6999999999999
402,403,Batman (1989),3.43,201,689.4300000000001
229,230,Star Trek IV: The Voyage Home (1986),3.45,199,686.5500000000001
249,250,"Fifth Element, The (1997)",3.48,197,685.56
270,271,Starship Troopers (1997),3.23,211,681.53
339,340,Boogie Nights (1997),3.59,189,678.51
321,322,Murder at 1600 (1997),3.09,218,673.62
136,137,Big Night (1996),3.9,171,666.9
273,274,Sabrina (1995),3.5,190,665.0
418,419,Mary Poppins (1964),3.72,178,662.1600000000001
132,133,Gone with the Wind (1939),3.87,171,661.77
306,307,"Devil's Advocate, The (1997)",3.52,188,661.76
282,283,Emma (1996),3.72,177,658.44
731,732,Dave (1993),3.65,180,657.0
314,315,Apt Pupil (1998),4.1,160,656.0
431,432,Fantasia (1940),3.77,174,655.98
392,393,Mrs. Doubtfire (1993),3.41,192,654.72
522,523,Cool Hand Luke (1967),3.99,164,654.36
153,154,Monty Python's Life of Brian (1979),3.75,174,652.5
596,597,Eraser (1996),3.15,206,648.9
146,147,"Long Kiss Goodnight, The (1996)",3.47,185,641.95
590,591,Primal Fear (1996),3.6,178,640.8000000000001
683,684,In the Line of Fire (1993),3.79,169,640.51
565,566,Clear and Present Danger (1994),3.57,179,639.03
57,58,Quiz Show (1994),3.65,175,638.75
98,99,Snow White and the Seven Dwarfs (1937),3.71,172,638.12
497,498,"African Queen, The (1951)",4.18,152,635.3599999999999
432,433,Heathers (1989),3.69,171,630.99
12,13,Mighty Aphrodite (1995),3.42,184,629.28
187,188,Full Metal Jacket (1987),3.68,170,625.6
234,235,Mars Attacks! (1996),2.85,217,618.45
750,751,Tomorrow Never Dies (1997),3.43,180,617.4
442,443,"Birds, The (1963)",3.81,162,617.22
192,193,"Right Stuff, The (1983)",3.92,157,615.4399999999999
677,678,Volcano (1997),2.81,219,615.39
844,845,That Thing You Do! (1996),3.47,176,610.72
283,284,Tin Cup (1996),3.16,193,609.88
653,654,Chinatown (1974),4.14,147,608.5799999999999
581,582,"Piano, The (1993)",3.6,168,604.8000000000001
149,150,Swingers (1996),3.83,157,601.3100000000001
23,24,Rumble in the Bronx (1995),3.45,174,600.3000000000001
691,692,"American President, The (1995)",3.63,164,595.3199999999999
627,628,Sleepers (1996),3.51,169,593.1899999999999
217,218,Cape Fear (1991),3.46,171,591.66
326,327,Cop Land (1997),3.38,175,591.5
85,86,"Remains of the Day, The (1993)",3.94,150,591.0
155,156,Reservoir Dogs (1992),3.99,148,590.52
247,248,Grosse Pointe Blank (1997),3.68,160,588.8000000000001
401,402,Ghost (1990),3.46,170,588.2
366,367,Clueless (1995),3.46,170,588.2
325,326,G.I. Jane (1997),3.36,175,588.0
483,484,"Maltese Falcon, The (1941)",4.21,138,580.98
254,255,My Best Friend's Wedding (1997),3.36,172,577.92
659,660,Fried Green Tomatoes (1991),3.76,153,575.28
65,66,While You Were Sleeping (1995),3.55,162,575.1
222,223,Sling Blade (1996),4.2,136,571.2
450,451,Grease (1978),3.35,170,569.5
41,42,Clerks (1994),3.8,148,562.4
461,462,Like Water For Chocolate (Como agua para chocolate) (1992),3.8,148,562.4
30,31,Crimson Tide (1995),3.63,154,559.02
292,293,Donnie Brasco (1997),3.8,147,558.6
656,657,"Manchurian Candidate, The (1962)",4.26,131,558.06
225,226,Die Hard 2 (1990),3.36,166,557.76
54,55,"Professional, The (1994)",3.7,149,551.3000000000001
318,319,Everyone Says I Love You (1996),3.27,168,549.36
704,705,Singin' in the Rain (1952),3.99,137,546.63
738,739,Pretty Woman (1990),3.32,164,544.48
204,205,Patton (1970),3.99,136,542.64
177,178,12 Angry Men (1957),4.34,125,542.5
163,164,"Abyss, The (1989)",3.59,151,542.09
430,431,Highlander (1986),3.54,153,541.62
86,87,Searching for Bobby Fischer (1993),3.91,138,539.58
689,690,Seven Years in Tibet (1997),3.46,155,536.3
212,213,"Room with a View, A (1986)",3.99,134,534.6600000000001
228,229,Star Trek III: The Search for Spock (1984),3.11,171,531.81
320,321,Mother (1996),3.13,169,528.97
176,177,"Good, The Bad and The Ugly, The (1966)",3.86,137,528.8199999999999
226,227,Star Trek VI: The Undiscovered Country (1991),3.28,161,528.0799999999999
684,685,Executive Decision (1996),3.36,157,527.52
303,304,Fly Away Home (1996),3.54,149,527.46
168,169,"Wrong Trousers, The (1993)",4.47,118,527.4599999999999
734,735,Philadelphia (1993),3.85,137,527.45
238,239,Sneakers (1992),3.51,150,526.5
309,310,"Rainmaker, The (1997)",3.6,145,522.0
90,91,"Nightmare Before Christmas, The (1993)",3.59,143,513.37
189,190,Henry V (1989),4.14,124,513.36
481,482,Some Like It Hot (1959),3.98,128,509.44
197,198,Nikita (La Femme Nikita) (1990),4.01,127,509.27
519,520,"Great Escape, The (1963)",4.1,124,508.4
409,410,Kingpin (1996),3.13,162,507.06
530,531,Shine (1996),3.92,129,505.68
762,763,Happy Gilmore (1996),3.39,149,505.11
169,170,Cinema Paradiso (1988),4.17,121,504.57
407,408,"Close Shave, A (1995)",4.49,112,502.88
527,528,"Killing Fields, The (1984)",4.13,121,499.72999999999996
76,77,"Firm, The (1993)",3.28,151,495.28
549,550,Die Hard: With a Vengeance (1995),3.28,151,495.28
331,332,Kiss the Girls (1997),3.46,143,494.78
302,303,Ulee's Gold (1997),3.69,134,494.46
128,129,Bound (1996),3.82,129,492.78
269,270,Gattaca (1997),3.6,136,489.6
245,246,Chasing Amy (1997),3.94,124,488.56
471,472,Dragonheart (1996),3.08,158,486.64
475,476,"First Wives Club, The (1996)",3.02,160,483.2
346,347,Wag the Dog (1997),3.51,137,480.86999999999995
46,47,Ed Wood (1994),3.6,133,478.8
47,48,Hoop Dreams (1994),4.09,117,478.53
191,192,Raging Bull (1980),4.12,116,477.92
115,116,Cold Comfort Farm (1995),3.82,125,477.5
484,485,My Fair Lady (1964),3.82,125,477.5
749,750,Amistad (1997),3.85,124,477.40000000000003
509,510,"Magnificent Seven, The (1954)",3.94,121,476.74
525,526,Ben-Hur (1959),3.83,124,474.92
410,411,"Nutty Professor, The (1996)",2.91,163,474.33000000000004
1015,1016,Con Air (1997),3.46,137,474.02
454,455,Jackie Chan's First Strike (1996),3.26,145,472.7
315,316,As Good As It Gets (1997),4.2,112,470.40000000000003
658,659,Arsenic and Old Lace (1944),4.08,115,469.2
156,157,Platoon (1986),3.69,127,468.63
241,242,Kolya (1996),3.99,117,466.83000000000004
503,504,Bonnie and Clyde (1967),3.82,122,466.03999999999996
508,509,My Left Foot (1989),3.85,121,465.85
251,252,"Lost World: Jurassic Park, The (1997)",2.94,158,464.52
427,428,Harold and Maude (1971),3.82,121,462.21999999999997
417,418,Cinderella (1950),3.58,129,461.82
520,521,"Deer Hunter, The (1978)",3.83,120,459.6
345,346,Jackie Brown (1997),3.64,126,458.64000000000004
280,281,"River Wild, The (1994)",3.14,146,458.44
67,68,"Crow, The (1994)",3.42,134,458.28
240,241,"Last of the Mohicans, The (1992)",3.55,128,454.4
662,663,Being There (1979),3.91,116,453.56
1027,1028,Grumpier Old Men (1995),3.04,148,449.92
108,109,Mystery Science Theater 3000: The Movie (1996),3.43,130,445.90000000000003
878,879,"Peacemaker, The (1997)",3.27,136,444.72
72,73,Maverick (1994),3.47,128,444.16
258,259,George of the Jungle (1997),2.69,162,435.78
558,559,Interview with the Vampire (1994),3.18,137,435.66
745,746,Real Genius (1985),3.66,119,435.54
239,240,Beavis and Butt-head Do America (1996),2.79,156,435.24
135,136,Mr. Smith Goes to Washington (1939),4.12,105,432.6
630,631,"Crying Game, The (1992)",3.62,119,430.78000000000003
500,501,Dumbo (1941),3.5,123,430.5
595,596,"Hunchback of Notre Dame, The (1996)",3.38,127,429.26
477,478,"Philadelphia Story, The (1940)",4.12,104,428.48
290,291,Absolute Power (1997),3.37,127,427.99
446,447,Carrie (1976),3.5,121,423.5
93,94,Home Alone (1990),3.09,137,423.33
248,249,Austin Powers: International Man of Mystery (1997),3.25,130,422.5
1,2,GoldenEye (1995),3.21,131,420.51
708,709,Strictly Ballroom (1992),4.03,104,419.12
291,292,Rosewood (1997),3.67,114,418.38
92,93,Welcome to the Dollhouse (1995),3.72,112,416.64000000000004
71,72,"Mask, The (1994)",3.19,129,411.51
147,148,"Ghost and the Darkness, The (1996)",3.2,128,409.6
232,233,Under Siege (1992),3.29,124,407.96
64,65,What's Eating Gilbert Grape (1993),3.54,115,407.1
330,331,"Edge, The (1997)",3.54,113,400.02
316,317,In the Name of the Father (1993),3.91,102,398.82
61,62,Stargate (1994),3.14,127,398.78000000000003
381,382,"Adventures of Priscilla, Queen of the Desert, The (1994)",3.59,111,398.49
183,184,Army of Darkness (1993),3.43,116,397.88
469,470,Tombstone (1993),3.67,108,396.36
865,866,Michael (1996),3.32,119,395.08
472,473,James and the Giant Peach (1996),3.13,126,394.38
323,324,Lost Highway (1997),3.14,125,392.5
80,81,"Hudsucker Proxy, The (1994)",3.55,110,390.5
761,762,Beautiful Girls (1996),3.39,115,389.85
379,380,Star Trek: Generations (1994),3.34,116,387.44
342,343,Alien: Resurrection (1997),3.1,124,384.40000000000003
428,429,"Day the Earth Stood Still, The (1951)",3.94,97,382.18
213,214,Pink Floyd - The Wall (1982),3.35,114,381.90000000000003
1046,1047,Multiplicity (1996),2.84,134,380.56
230,231,Batman Returns (1992),2.68,142,380.56
420,421,William Shakespeare's Romeo and Juliet (1996),3.59,106,380.53999999999996
216,217,Bram Stoker's Dracula (1992),3.16,120,379.20000000000005
305,306,"Mrs. Brown (Her Majesty, Mrs. Brown) (1997)",3.95,96,379.20000000000005
52,53,Natural Born Killers (1994),2.95,128,377.6
161,162,On Golden Pond (1981),3.56,106,377.36
91,92,True Romance (1993),3.62,104,376.48
377,378,Miracle on 34th Street (1994),3.72,101,375.72
698,699,Little Women (1994),3.68,102,375.36
357,358,Spawn (1997),2.62,143,374.66
506,507,"Streetcar Named Desire, A (1951)",3.82,98,374.35999999999996
429,430,Duck Soup (1933),4.0,93,372.0
122,123,"Frighteners, The (1996)",3.23,115,371.45
755,756,Father of the Bride Part II (1995),2.9,128,371.2
403,404,Pinocchio (1940),3.67,101,370.67
528,529,My Life as a Dog (Mitt liv som hund) (1985),3.98,93,370.14
125,126,"Spitfire Grill, The (1996)",3.8,97,368.59999999999997
918,919,"City of Lost Children, The (1995)",3.79,96,363.84000000000003
814,815,One Fine Day (1996),3.23,112,361.76
37,38,"Net, The (1995)",3.01,120,361.2
1038,1039,Hamlet (1996),4.01,90,360.9
660,661,High Noon (1952),4.1,88,360.79999999999995
380,381,Muriel's Wedding (1994),3.55,100,355.0
448,449,Star Trek: The Motion Picture (1979),3.03,117,354.51
130,131,Breakfast at Tiffany's (1961),3.73,95,354.35
1011,1012,Private Parts (1997),3.53,100,353.0
746,747,Benny & Joon (1993),3.46,102,352.92
218,219,"Nightmare on Elm Street, A (1984)",3.17,111,351.87
707,708,"Sex, Lies, and Videotape (1989)",3.48,101,351.48
435,436,"American Werewolf in London, An (1981)",3.54,99,350.46
651,652,Rosencrantz and Guildenstern Are Dead (1990),3.89,90,350.1
505,506,Rebel Without a Cause (1955),3.86,90,347.4
51,52,"Madness of King George, The (1994)",3.77,91,343.07
516,517,Manhattan (1979),3.77,91,343.07
894,895,Scream 2 (1997),3.22,106,341.32
9,10,Richard III (1995),3.83,89,340.87
58,59,Three Colors: Red (1994),4.06,83,336.97999999999996
53,54,Outbreak (1995),3.24,104,336.96000000000004
32,33,Desperado (1995),3.45,97,334.65000000000003
692,693,Casino (1995),3.65,91,332.15
548,549,Rob Roy (1995),3.57,92,328.44
518,519,"Treasure of the Sierra Madre, The (1948)",4.1,80,328.0
355,356,"Client, The (1994)",3.38,97,327.86
162,163,"Return of the Pink Panther, The (1974)",3.55,92,326.59999999999997
324,325,Crash (1996),2.55,128,326.4
259,260,Event Horizon (1997),2.57,127,326.39
678,679,Conan the Barbarian (1981),3.05,107,326.34999999999997
158,159,Basic Instinct (1992),3.23,101,326.23
517,518,Miller's Crossing (1990),3.65,89,324.84999999999997
603,604,It Happened One Night (1934),4.01,81,324.81
927,928,"Craft, The (1996)",3.12,104,324.48
231,232,Young Guns (1988),3.21,101,324.21
44,45,Eat Drink Man Woman (1994),4.05,80,324.0
529,530,"Man Who Would Be King, The (1975)",4.03,80,322.40000000000003
242,243,Jungle2Jungle (1997),2.44,132,322.08
791,792,Bullets Over Broadway (1994),3.72,86,319.92
743,744,Michael Collins (1996),3.46,92,318.32
211,212,"Unbearable Lightness of Being, The (1988)",3.46,92,318.32
424,425,Bob Roberts (1992),3.74,85,317.90000000000003
754,755,Jumanji (1995),3.31,96,317.76
224,225,101 Dalmatians (1996),2.91,109,317.19
304,305,"Ice Storm, The (1997)",3.64,87,316.68
66,67,Ace Ventura: Pet Detective (1994),3.05,103,314.15
200,201,Evil Dead II (1987),3.52,89,313.28000000000003
512,513,"Third Man, The (1949)",4.33,72,311.76
641,642,"Grifters, The (1990)",3.48,89,309.71999999999997
735,736,Shadowlands (1993),3.94,78,307.32
31,32,Crumb (1994),3.79,81,306.99
681,682,I Know What You Did Last Summer (1997),3.06,100,306.0
476,477,Matilda (1996),3.21,95,304.95
28,29,Batman Forever (1995),2.67,114,304.38
154,155,Dirty Dancing (1987),3.1,98,303.8
672,673,Cape Fear (1962),3.52,86,302.72
464,465,"Jungle Book, The (1994)",3.56,85,302.6
1010,1011,2 Days in the Valley (1996),3.23,93,300.39
1013,1014,Romy and Michele's High School Reunion (1997),3.06,98,299.88
289,290,Fierce Creatures (1997),3.11,96,298.56
113,114,Wallace & Gromit: The Best of Aardman Animation (1996),4.45,67,298.15000000000003
151,152,Sleeper (1973),3.63,82,297.65999999999997
419,420,Alice in Wonderland (1951),3.67,81,297.27
635,636,Escape from New York (1981),3.24,91,294.84000000000003
524,525,"Big Sleep, The (1946)",4.03,73,294.19
398,399,"Three Musketeers, The (1993)",3.3,89,293.7
577,578,Demolition Man (1993),3.15,92,289.8
89,90,So I Married an Axe Murderer (1993),3.05,95,289.75
923,924,White Squall (1996),3.4,85,289.0
447,448,"Omen, The (1976)",3.39,85,288.15000000000003
16,17,From Dusk Till Dawn (1996),3.12,92,287.04
646,647,Ran (1985),4.1,70,287.0
553,554,Waterworld (1995),2.8,102,285.59999999999997
714,715,To Die For (1995),3.28,87,285.35999999999996
968,969,Winnie the Pooh and the Blustery Day (1968),3.8,75,285.0
4,5,Copycat (1995),3.3,86,283.8
38,39,Strange Days (1995),3.26,87,283.62
664,665,Alien 3 (1992),2.83,100,283.0
709,710,Better Off Dead... (1985),3.57,79,282.03
728,729,Nell (1994),3.48,81,281.88
661,662,Somewhere in Time (1980),3.43,82,281.26
575,576,Cliffhanger (1993),3.02,93,280.86
457,458,Nixon (1995),3.12,90,280.8
50,51,Legends of the Fall (1994),3.46,81,280.26
632,633,"Christmas Carol, A (1938)",4.06,69,280.14
286,287,Marvin's Room (1996),3.59,78,280.02
780,781,French Kiss (1995),3.33,84,279.72
583,584,"Secret Garden, The (1993)",3.54,79,279.66
1100,1101,Six Degrees of Separation (1993),3.77,74,278.98
486,487,Roman Holiday (1953),4.1,68,278.79999999999995
263,264,Mimic (1997),2.74,101,276.74
220,221,Breaking the Waves (1996),3.73,74,276.02
310,311,"Wings of the Dove, The (1997)",3.68,75,276.0
706,707,Enchanted April (1991),3.93,70,275.1
462,463,"Secret of Roan Inish, The (1994)",3.86,71,274.06
688,689,"Jackal, The (1997)",3.15,87,274.05
18,19,Antonia's Line (1995),3.96,69,273.24
624,625,"Sword in the Stone, The (1963)",3.33,82,273.06
487,488,Sunset Blvd. (1950),4.2,65,273.0
925,926,Down Periscope (1996),2.7,101,272.70000000000005
2,3,Four Rooms (1995),3.03,90,272.7
504,505,Dial M for Murder (1954),4.0,68,272.0
863,864,My Fellow Americans (1996),3.16,86,271.76
188,189,"Grand Day Out, A (1992)",4.11,66,271.26000000000005
279,280,Up Close and Personal (1996),3.19,85,271.15
657,658,Pump Up the Volume (1990),3.42,79,270.18
647,648,"Quiet Man, The (1952)",4.03,67,270.01
777,778,Don Juan DeMarco (1995),3.55,76,269.8
48,49,I.Q. (1994),3.32,81,268.91999999999996
460,461,Smoke (1995),3.62,74,267.88
605,606,All About Eve (1950),4.05,66,267.3
723,724,Circle of Friends (1995),3.49,76,265.24
43,44,Dolores Claiborne (1994),3.34,79,263.86
164,165,Jean de Florette (1986),4.11,64,263.04
606,607,Rebecca (1940),3.97,66,262.02000000000004
294,295,Breakdown (1997),3.4,77,261.8
496,497,Bringing Up Baby (1938),3.84,68,261.12
712,713,Othello (1995),3.61,72,259.92
719,720,First Knight (1995),3.02,86,259.72
819,820,Space Jam (1996),2.77,93,257.61
59,60,Three Colors: Blue (1993),4.02,64,257.28
433,434,Forbidden Planet (1956),3.84,67,257.28
628,629,Victor/Victoria (1982),3.34,77,257.18
675,676,"Crucible, The (1996)",3.34,77,257.18
557,558,Heavenly Creatures (1994),3.67,70,256.9
649,650,"Seventh Seal, The (Sjunde inseglet, Det) (1957)",3.54,72,254.88
62,63,"Santa Clause, The (1994)",3.1,82,254.20000000000002
490,491,"Adventures of Robin Hood, The (1938)",3.79,67,253.93
468,469,Short Cuts (1993),3.78,67,253.26
311,312,Midnight in the Garden of Good and Evil (1997),3.16,80,252.8
824,825,"Arrival, The (1996)",3.04,83,252.32
170,171,Delicatessen (1991),3.88,65,252.2
1072,1073,Shallow Grave (1994),3.82,66,252.11999999999998
206,207,Cyrano de Bergerac (1990),3.82,66,252.11999999999998
140,141,"20,000 Leagues Under the Sea (1954)",3.5,72,252.0
25,26,"Brothers McMullen, The (1995)",3.45,73,251.85000000000002
353,354,"Wedding Singer, The (1998)",3.49,72,251.28000000000003
515,516,Local Hero (1983),3.97,63,250.11
492,493,"Thin Man, The (1934)",4.15,60,249.00000000000003
480,481,"Apartment, The (1960)",3.94,63,248.22
695,696,City Hall (1996),3.14,79,248.06
121,122,"Cable Guy, The (1996)",2.34,106,248.04
639,640,"Cook the Thief His Wife & Her Lover, The (1989)",3.02,82,247.64000000000001
19,20,Angels and Insects (1995),3.42,72,246.24
854,855,Diva (1981),3.73,66,246.18
276,277,Restoration (1995),3.46,71,245.66
385,386,Addams Family Values (1993),2.82,87,245.33999999999997
498,499,Cat on a Hot Tin Roof (1958),3.95,62,244.9
261,262,In the Company of Men (1997),3.71,66,244.85999999999999
485,486,Sabrina (1954),3.8,64,243.2
626,627,Robin Hood: Prince of Thieves (1991),3.23,75,242.25
337,338,Bean (1997),2.66,91,242.06
922,923,Raise the Red Lantern (1991),4.16,58,241.28
391,392,"Man Without a Face, The (1993)",3.54,68,240.72
872,873,Picture Perfect (1997),2.96,81,239.76
165,166,Manon of the Spring (Manon des sources) (1986),4.12,58,238.96
614,615,"39 Steps, The (1935)",4.05,59,238.95
159,160,Glengarry Glen Ross (1992),3.46,69,238.74
100,101,Heavy Metal (1981),3.26,73,237.98
948,949,How to Make an American Quilt (1995),3.34,71,237.14
822,823,Mulholland Falls (1996),2.88,82,236.16
992,993,Hercules (1997),3.52,66,232.32
20,21,Muppet Treasure Island (1996),2.76,84,231.83999999999997
716,717,"Juror, The (1996)",2.82,82,231.23999999999998
886,887,Eve's Bayou (1997),3.61,64,231.04
127,128,Supercop (1992),3.54,65,230.1
511,512,Wings of Desire (1987),4.0,57,228.0
1073,1074,Reality Bites (1994),2.96,77,227.92
60,61,Three Colors: White (1994),3.86,59,227.73999999999998
491,492,East of Eden (1955),3.86,59,227.73999999999998
416,417,"Parent Trap, The (1961)",3.1,73,226.3
631,632,Sophie's Choice (1982),3.9,58,226.2
537,538,Anastasia (1997),3.42,66,225.72
493,494,His Girl Friday (1940),4.0,56,224.0
830,831,Escape from L.A. (1996),2.46,91,223.85999999999999
543,544,Things to Do in Denver when You're Dead (1995),3.15,71,223.65
411,412,"Very Brady Sequel, A (1996)",2.4,93,223.2
415,416,Old Yeller (1957),3.48,64,222.72
958,959,Dazed and Confused (1993),3.47,64,222.08
219,220,"Mirror Has Two Faces, The (1996)",3.36,66,221.76
344,345,Deconstructing Harry (1997),3.4,65,221.0
408,409,Jack (1996),3.14,70,219.8
1047,1048,She's the One (1996),3.01,73,219.73
386,387,"Age of Innocence, The (1993)",3.38,65,219.7
739,740,Jane Eyre (1996),3.48,63,219.24
615,616,Night of the Living Dead (1968),3.42,64,218.88
413,414,My Favorite Year (1982),3.53,62,218.85999999999999
726,727,Immortal Beloved (1994),3.46,63,217.98
812,813,"Celluloid Closet, The (1995)",3.89,56,217.84
1008,1009,Stealing Beauty (1996),3.38,64,216.32
929,930,Chain Reaction (1996),2.7,80,216.0
938,939,Murder in the First (1995),3.6,60,216.0
1118,1119,Some Kind of Wonderful (1987),3.66,59,215.94
494,495,Around the World in 80 Days (1956),3.66,59,215.94
333,334,U Turn (1997),3.36,64,215.04
1034,1035,Cool Runnings (1993),3.16,68,214.88
608,609,Father of the Bride (1950),3.58,60,214.8
488,489,Notorious (1946),4.12,52,214.24
298,299,Hoodlum (1997),2.93,73,213.89000000000001
400,401,"Brady Bunch Movie, The (1995)",2.8,76,212.79999999999998
467,468,Rudy (1993),3.31,64,211.84
370,371,"Bridges of Madison County, The (1995)",3.16,67,211.72
501,502,Bananas (1971),3.7,57,210.9
552,553,"Walk in the Clouds, A (1995)",3.29,63,207.27
779,780,Dumb & Dumber (1994),3.0,69,207.0
825,826,"Phantom, The (1996)",2.58,80,206.4
105,106,Diabolique (1996),2.89,71,205.19
846,847,Looking for Richard (1996),3.73,55,205.15
618,619,Extreme Measures (1996),3.17,64,202.88
489,490,To Catch a Thief (1955),4.02,50,200.99999999999997
343,344,"Apostle, The (1997)",3.65,55,200.75
107,108,Kids in the Hall: Brain Candy (1996),3.08,65,200.20000000000002
740,741,"Last Supper, The (1995)",3.45,58,200.10000000000002
933,934,"Preacher's Wife, The (1996)",2.93,68,199.24
987,988,"Beautician and the Beast, The (1997)",2.31,86,198.66
166,167,Private Benjamin (1980),2.96,67,198.32
296,297,Ulee's Gold (1997),3.96,50,198.0
1040,1041,Forget Paris (1995),3.19,62,197.78
594,595,"Fan, The (1996)",3.09,64,197.76
250,251,Shall We Dance? (1996),4.26,46,195.95999999999998
139,140,Homeward Bound: The Incredible Journey (1993),3.21,61,195.81
1006,1007,Waiting for Guffman (1996),4.13,47,194.10999999999999
277,278,Bed of Roses (1996),3.23,60,193.8
753,754,Red Corner (1997),3.39,57,193.23000000000002
769,770,Devil in a Blue Dress (1995),3.39,57,193.23000000000002
674,675,"Nosferatu (Nosferatu, eine Symphonie des Grauens) (1922)",3.56,54,192.24
945,946,"Fox and the Hound, The (1981)",3.15,61,192.15
789,790,Tommy Boy (1995),2.91,66,192.06
383,384,Naked Gun 33 1/3: The Final Insult (1994),2.78,69,191.82
613,614,Giant (1956),3.75,51,191.25
104,105,Sgt. Bilko (1996),2.57,74,190.17999999999998
580,581,Kalifornia (1993),3.22,59,189.98000000000002
79,80,Hot Shots! Part Deux (1993),2.76,68,187.67999999999998
465,466,Red Rock West (1992),3.6,52,187.20000000000002
879,880,Soul Food (1997),3.17,59,187.03
897,898,"Postman, The (1997)",3.22,58,186.76000000000002
720,721,Mallrats (1995),3.44,54,185.76
601,602,"American in Paris, An (1951)",3.7,50,185.0
1064,1065,Koyaanisqatsi (1983),3.49,53,184.97
523,524,"Great Dictator, The (1940)",4.02,46,184.92
75,76,Carlito's Way (1993),3.41,54,184.14000000000001
685,686,"Perfect World, A (1993)",3.68,50,184.0
715,716,Home for the Holidays (1995),3.16,58,183.28
920,921,Farewell My Concubine (1993),3.98,46,183.08
466,467,"Bronx Tale, A (1993)",3.79,48,181.92000000000002
560,561,Mary Shelley's Frankenstein (1994),3.07,59,181.13
568,569,Wolf (1994),2.7,67,180.9
870,871,Vegas Vacation (1997),2.4,75,180.0
693,694,Persuasion (1995),4.05,44,178.2
1141,1142,When We Were Kings (1996),4.05,44,178.2
26,27,Bad Boys (1995),3.11,57,177.26999999999998
671,672,Candyman (1992),2.72,65,176.8
451,452,Jaws 2 (1978),2.67,66,176.22
655,656,M (1931),4.0,44,176.0
962,963,Some Folks Call It a Sling Blade (1993),4.29,41,175.89000000000001
736,737,Sirens (1994),2.98,59,175.82
84,85,"Ref, The (1994)",3.03,58,175.73999999999998
141,142,Bedknobs and Broomsticks (1971),3.07,57,174.98999999999998
805,806,Menace II Society (1993),3.46,50,173.0
588,589,"Wild Bunch, The (1969)",4.02,43,172.85999999999999
534,535,Addicted to Love (1997),3.17,54,171.18
648,649,Once Upon a Time in America (1984),3.4,50,170.0
721,722,Nine Months (1995),2.93,58,169.94
101,102,"Aristocats, The (1970)",3.13,54,169.01999999999998
205,206,Akira (1988),3.38,50,169.0
793,794,It Could Happen to You (1994),3.65,46,167.9
788,789,Swimming with Sharks (1995),3.57,47,167.79
954,955,Before Sunrise (1995),3.41,49,167.09
955,956,Nobody's Fool (1994),3.61,46,166.06
670,671,Bride of Frankenstein (1935),3.61,46,166.06
637,638,"Return of Martin Guerre, The (Retour de Martin Guerre, Le) (1982)",3.77,44,165.88
895,896,"Sweet Hereafter, The (1997)",3.77,44,165.88
39,40,"To Wong Foo, Thanks for Everything! Julie Newmar (1995)",2.89,57,164.73000000000002
610,611,Laura (1944),4.1,40,164.0
885,886,"Life Less Ordinary, A (1997)",3.08,53,163.24
235,236,Citizen Ruth (1996),3.62,45,162.9
663,664,"Paris, Texas (1984)",3.54,46,162.84
223,224,Ridicule (1996),3.7,44,162.8
390,391,Last Action Hero (1993),2.75,59,162.25
748,749,"MatchMaker, The (1997)",3.18,51,162.18
1016,1017,Trees Lounge (1996),3.24,50,162.0
901,902,"Big Lebowski, The (1998)",3.83,42,160.86
1196,1197,"Family Thing, A (1996)",3.56,45,160.2
767,768,Casper (1995),3.08,52,160.16
701,702,Barcelona (1994),3.02,53,160.06
56,57,Priest (1994),4.0,40,160.0
144,145,"Lawnmower Man, The (1992)",2.45,65,159.25
826,827,Daylight (1996),2.77,57,157.89000000000001
157,158,Weekend at Bernie's (1989),2.62,60,157.20000000000002
711,712,Tin Men (1987),3.08,51,157.08
941,942,What's Love Got to Do with It (1993),3.49,45,157.05
365,366,Dangerous Minds (1995),3.34,47,156.98
1049,1050,"Ghost and Mrs. Muir, The (1947)",3.65,43,156.95
832,833,Bulletproof (1996),3.2,49,156.8
944,945,Charade (1963),3.92,40,156.8
569,570,Wyatt Earp (1994),3.1,50,155.0
1097,1098,Flirting With Disaster (1996),3.69,42,154.98
899,900,Kundun (1997),3.69,42,154.98
364,365,Powder (1995),3.21,48,154.07999999999998
561,562,"Quick and the Dead, The (1995)",3.21,48,154.07999999999998
1117,1118,Up in Smoke (1978),3.26,47,153.22
338,339,Mad City (1997),3.26,47,153.22
243,244,Smilla's Sense of Snow (1997),3.17,48,152.16
253,254,Batman & Robin (1997),2.45,62,151.9
341,342,"Man Who Knew Too Little, The (1997)",2.92,52,151.84
1066,1067,Bottle Rocket (1996),3.45,44,151.8
395,396,Serial Mom (1994),2.81,54,151.74
449,450,Star Trek V: The Final Frontier (1989),2.4,63,151.2
686,687,McHale's Navy (1997),2.19,69,151.10999999999999
119,120,Striptease (1996),2.24,67,150.08
609,610,Gigi (1958),3.66,41,150.06
1062,1063,"Little Princess, A (1995)",3.66,41,150.06
771,772,Kids (1995),3.06,49,149.94
328,329,Desperate Measures (1998),3.33,45,149.85
638,639,"Tin Drum, The (Blechtrommel, Die) (1979)",3.7,40,148.0
645,646,Once Upon a Time in the West (1969),3.87,38,147.06
106,107,Moll Flanders (1996),3.5,42,147.0
29,30,Belle de jour (1967),3.95,37,146.15
1045,1046,Malice (1993),3.17,46,145.82
891,892,Flubber (1997),2.75,53,145.75
874,875,She's So Lovely (1997),2.74,53,145.22
412,413,Tales from the Crypt Presents: Bordello of Blood (1996),2.64,55,145.20000000000002
368,369,Black Sheep (1996),2.64,55,145.20000000000002
1020,1021,8 1/2 (1963),3.82,38,145.16
394,395,Robin Hood: Men in Tights (1993),2.59,56,145.04
848,849,Days of Thunder (1990),2.72,53,144.16
951,952,Blue in the Face (1995),3.18,45,143.1
1009,1010,Basquiat (1996),3.25,44,143.0
502,503,"Candidate, The (1972)",3.64,39,141.96
940,941,With Honors (1994),3.07,46,141.22
843,844,Freeway (1996),3.36,42,141.12
540,541,Mortal Kombat (1995),2.88,49,141.12
839,840,Last Man Standing (1996),2.66,53,140.98000000000002
673,674,Cat People (1982),2.9,48,139.2
942,943,Killing Zoe (1994),3.48,40,139.2
974,975,Fear (1996),3.16,44,139.04000000000002
138,139,"Love Bug, The (1969)",2.78,50,139.0
640,641,Paths of Glory (1957),4.21,33,138.93
855,856,Night on Earth (1991),3.83,36,137.88
1134,1135,"Doors, The (1991)",2.98,46,137.08
546,547,"Young Poisoner's Handbook, The (1995)",3.34,41,136.94
696,697,"Basketball Diaries, The (1995)",3.42,40,136.8
440,441,"Amityville Horror, The (1979)",2.57,53,136.20999999999998
1019,1020,Gaslight (1944),3.89,35,136.15
1220,1221,When a Man Loves a Woman (1994),3.49,39,136.11
727,728,Junior (1994),3.02,45,135.9
823,824,"Great White Hype, The (1996)",2.76,49,135.23999999999998
845,846,To Gillian on Her 37th Birthday (1996),3.07,44,135.07999999999998
760,761,Nick of Time (1995),3.05,44,134.2
611,612,Lost Horizon (1937),3.94,34,133.96
652,653,Touch of Evil (1958),3.91,34,132.94
619,620,"Chamber, The (1996)",3.09,43,132.87
1050,1051,"Associate, The (1996)",3.24,41,132.84
876,877,Excess Baggage (1997),2.54,52,132.08
840,841,"Glimmer Man, The (1996)",2.75,48,132.0
521,522,Down by Law (1986),3.77,35,131.95
643,644,"Thin Blue Line, The (1988)",3.77,35,131.95
880,881,Money Talks (1997),2.93,45,131.85
976,977,"Substitute, The (1996)",2.69,49,131.81
621,622,Swiss Family Robinson (1960),3.36,39,131.04
871,872,Love Jones (1997),3.1,42,130.20000000000002
809,810,"Shadow, The (1994)",2.89,45,130.05
921,922,Dead Man (1995),3.82,34,129.88
551,552,Species (1995),2.87,45,129.15
349,350,Fallen (1998),3.15,41,129.15
751,752,"Replacement Killers, The (1998)",3.31,39,129.09
541,542,Pocahontas (1995),2.53,51,129.03
943,944,Renaissance Man (1994),3.0,43,129.0
1024,1025,Fire Down Below (1997),2.93,44,128.92000000000002
1043,1044,"Paper, The (1994)",3.22,40,128.8
378,379,Tales From the Crypt Presents: Demon Knight (1995),2.98,43,128.14
362,363,Sudden Death (1995),2.72,47,127.84
873,874,Career Girls (1997),3.26,39,127.13999999999999
875,876,Money Talks (1997),2.7,47,126.9
936,937,"Thousand Acres, A (1997)",3.41,37,126.17
1133,1134,Get on the Bus (1996),3.32,38,126.16
935,936,Brassed Off (1996),3.94,32,126.08
1193,1194,Once Were Warriors (1994),4.06,31,125.85999999999999
983,984,Shadow Conspiracy (1997),2.86,44,125.83999999999999
15,16,French Twist (Gazon maudit) (1995),3.21,39,125.19
808,809,Rising Sun (1993),2.91,43,125.13000000000001
970,971,Mediterraneo (1991),3.68,34,125.12
443,444,"Blob, The (1958)",2.72,46,125.12
1007,1008,I Shot Andy Warhol (1996),3.38,37,125.06
329,330,187 (1997),3.02,41,123.82000000000001
930,931,"Island of Dr. Moreau, The (1996)",2.16,57,123.12
960,961,Orlando (1993),3.62,34,123.08
1018,1019,"Die xue shuang xiong (Killer, The) (1989)",3.97,31,123.07000000000001
730,731,"Corrina, Corrina (1994)",3.15,39,122.85
784,785,Only You (1994),3.15,39,122.85
759,760,Screamers (1995),2.65,46,121.89999999999999
1187,1188,Young Guns II (1990),2.77,44,121.88
499,500,Fly Away Home (1996),3.9,31,120.89999999999999
354,355,Sphere (1998),2.93,41,120.13000000000001
405,406,Thinner (1996),2.45,49,120.05000000000001
371,372,Jeffrey (1995),3.53,34,120.02
42,43,Disclosure (1994),3.0,40,120.0
1059,1060,"Adventures of Pinocchio, The (1996)",3.05,39,118.94999999999999
682,683,Rocket Man (1997),2.41,49,118.09
1227,1228,Under Siege 2: Dark Territory (1995),2.46,48,118.08
607,608,Spellbound (1945),3.93,30,117.9
1090,1091,Pete's Dragon (1977),2.72,43,116.96000000000001
1109,1110,Tank Girl (1995),2.85,41,116.85000000000001
931,932,First Kid (1996),2.92,40,116.8
636,637,"Howling, The (1981)",3.03,38,115.13999999999999
1136,1137,Beautiful Thing (1996),3.97,29,115.13000000000001
40,41,Billy Madison (1995),3.08,37,113.96000000000001
622,623,Angels in the Outfield (1994),2.92,39,113.88
372,373,Judge Dredd (1995),2.9,39,113.1
335,336,Playing God (1997),2.63,43,113.08999999999999
924,925,Unforgettable (1996),3.32,34,112.88
574,575,City Slickers II: The Legend of Curly's Gold (1994),2.55,44,112.19999999999999
978,979,"Trigger Effect, The (1996)",3.2,35,112.0
1216,1217,Assassins (1995),2.87,39,111.93
881,882,Washington Square (1997),3.29,34,111.86
582,583,Romeo Is Bleeding (1993),3.0,37,111.0
795,796,Speechless (1994),3.08,36,110.88
455,456,Beverly Hills Ninja (1997),2.31,48,110.88
260,261,Air Bud (1997),2.56,43,110.08
1021,1022,"Fast, Cheap & Out of Control (1997)",3.44,32,110.08
950,951,"Indian in the Cupboard, The (1995)",2.82,39,109.97999999999999
369,370,Mary Reilly (1996),2.82,39,109.97999999999999
538,539,Mouse Hunt (1997),2.48,44,109.12
612,613,My Man Godfrey (1936),4.04,27,109.08
965,966,"Affair to Remember, An (1957)",4.19,26,108.94000000000001
536,537,My Own Private Idaho (1991),3.63,30,108.89999999999999
579,580,"Englishman Who Went Up a Hill, But Came Down a Mountain, The (1995)",3.38,32,108.16
1225,1226,Night Falls on Manhattan (1997),3.38,32,108.16
669,670,Body Snatchers (1993),3.0,36,108.0
818,819,Eddie (1996),2.7,40,108.0
928,929,Harriet the Spy (1996),2.7,40,108.0
801,802,Hard Target (1993),2.7,40,108.0
539,540,Money Train (1995),2.51,43,107.92999999999999
406,407,Spy Hard (1996),2.51,43,107.92999999999999
770,771,Johnny Mnemonic (1995),2.63,41,107.83
722,723,Boys on the Side (1995),3.15,34,107.1
1125,1126,"Old Man and the Sea, The (1958)",3.34,32,106.88
1243,1244,Metro (1997),2.92,36,105.12
947,948,Booty Call (1997),2.17,48,104.16
1209,1210,Virtuosity (1995),2.74,38,104.12
604,605,Meet Me in St. Louis (1944),3.35,31,103.85000000000001
768,769,Congo (1995),2.45,42,102.9
644,645,Paris Is Burning (1990),3.81,27,102.87
1017,1018,Tie Me Up! Tie Me Down! (1990),3.19,32,102.08
629,630,"Great Race, The (1965)",3.29,31,101.99
989,990,Anna Karenina (1997),3.09,33,101.97
782,783,Milk Money (1994),2.73,37,101.01
1069,1070,Living in Oblivion (1995),3.74,27,100.98
1135,1136,Ghosts of Mississippi (1996),3.48,29,100.92
1078,1079,Joe's Apartment (1996),2.24,45,100.80000000000001
1148,1149,Walkabout (1971),3.85,26,100.10000000000001
1128,1129,Chungking Express (1994),3.57,28,99.96
1219,1220,Higher Learning (1995),3.33,30,99.9
363,364,Ace Ventura: When Nature Calls (1995),2.68,37,99.16000000000001
1266,1267,Clockers (1995),3.0,33,99.0
1114,1115,Twelfth Night (1996),3.41,29,98.89
835,836,Ninotchka (1939),3.77,26,98.02
804,805,Manhattan Murder Mystery (1993),3.63,27,98.00999999999999
836,837,Meet John Doe (1941),3.92,25,98.0
566,567,Wes Craven's New Nightmare (1994),2.8,35,98.0
994,995,"Kiss Me, Guido (1997)",3.16,31,97.96000000000001
584,585,Son in Law (1993),2.49,39,97.11000000000001
572,573,Body Snatchers (1993),2.94,33,97.02
973,974,Eye for an Eye (1996),3.03,32,96.96
1058,1059,Don't Be a Menace to South Central While Drinking Your Juice in the Hood (1996),2.77,35,96.95
463,464,Vanya on 42nd Street (1994),3.59,27,96.92999999999999
45,46,Exotica (1994),3.56,27,96.12
796,797,Timecop (1994),3.1,31,96.10000000000001
1108,1109,Death and the Maiden (1994),3.43,28,96.04
1151,1152,In Love and War (1996),3.43,28,96.04
252,253,"Pillow Book, The (1995)",3.69,26,95.94
1239,1240,Ghost in the Shell (Kokaku kidotai) (1995),3.65,26,94.89999999999999
265,266,Kull the Conqueror (1997),2.71,35,94.85
1159,1160,Love! Valour! Compassion! (1997),3.62,26,94.12
862,863,"Garden of Finzi-Contini, The (Giardino dei Finzi-Contini, Il) (1970)",3.92,24,94.08
773,774,"Prophecy, The (1995)",2.94,32,94.08
5,6,Shanghai Triad (Yao a yao yao dao waipo qiao) (1995),3.58,26,93.08
388,389,Black Beauty (1994),3.44,27,92.88
278,279,Once Upon a Time... When We Were Colored (1995),3.29,28,92.12
585,586,Terminal Velocity (1994),2.68,34,91.12
576,577,Coneheads (1993),2.22,41,91.02000000000001
425,426,"Transformers: The Movie, The (1986)",2.84,32,90.88
988,989,Cats Don't Dance (1997),2.84,32,90.88
828,829,Fled (1996),2.65,34,90.1
633,634,Microcosmos: Le peuple de l'herbe (1996),3.75,24,90.0
842,843,"Shaggy Dog, The (1959)",3.0,30,90.0
458,459,"Cry, the Beloved Country (1995)",3.75,24,90.0
1217,1218,Friday (1995),3.46,26,89.96
764,765,Boomerang (1992),2.81,32,89.92
348,349,Hard Rain (1998),2.9,31,89.89999999999999
1089,1090,Sliver (1993),2.41,37,89.17
1132,1133,Escape to Witch Mountain (1975),2.97,30,89.10000000000001
307,308,FairyTale: A True Story (1997),2.97,30,89.10000000000001
347,348,Desperate Measures (1998),3.3,27,89.1
971,972,Passion Fish (1992),3.18,28,89.04
752,753,Burnt By the Sun (1994),3.71,24,89.03999999999999
1032,1033,Homeward Bound II: Lost in San Francisco (1996),2.78,32,88.96
807,808,"Program, The (1993)",2.84,31,88.03999999999999
737,738,Threesome (1994),2.84,31,88.03999999999999
1041,1042,Just Cause (1995),3.14,28,87.92
679,680,Kull the Conqueror (1997),2.56,34,87.04
1012,1013,Anaconda (1997),2.29,38,87.02
949,950,Georgia (1995),2.9,30,87.0
904,905,Great Expectations (1998),3.22,27,86.94000000000001
1138,1139,Hackers (1995),2.61,33,86.13
1202,1203,Top Hat (1935),4.05,21,85.05
841,842,Pollyanna (1960),3.15,27,85.05
1060,1061,"Evening Star, The (1996)",2.93,29,84.97
459,460,"Crossing Guard, The (1995)",3.0,28,84.0
729,730,"Queen Margot (Reine Margot, La) (1994)",3.5,24,84.0
889,890,Mortal Kombat: Annihilation (1997),1.95,43,83.85
1131,1132,Feeling Minnesota (1996),2.62,32,83.84
877,878,That Darn Cat! (1997),2.52,33,83.16
1052,1053,Now and Then (1995),3.46,24,83.03999999999999
1169,1170,Spanking the Monkey (1994),3.07,27,82.89
1083,1084,Anne Frank Remembered (1995),3.86,21,81.06
319,320,Paradise Lost: The Child Murders at Robin Hood Hills (1996),4.05,20,81.0
959,960,Naked (1993),3.24,25,81.0
1044,1045,Fearless (1993),3.24,25,81.0
1004,1005,"Double vie de V�ronique, La (Double Life of Veronique, The) (1991)",3.68,22,80.96000000000001
687,688,Leave It to Beaver (1997),1.84,44,80.96000000000001
1088,1089,Speed 2: Cruise Control (1997),2.13,38,80.94
77,78,Free Willy (1993),2.45,33,80.85000000000001
308,309,Deceiver (1997),2.86,28,80.08
763,764,If Lucy Fell (1996),2.76,29,80.03999999999999
571,572,Blown Away (1994),2.76,29,80.03999999999999
600,601,For Whom the Bell Tolls (1943),4.0,20,80.0
1022,1023,Fathers' Day (1997),2.58,31,79.98
778,779,Drop Zone (1994),2.55,31,79.05
1120,1121,"Umbrellas of Cherbourg, The (Parapluies de Cherbourg, Les) (1964)",3.76,21,78.96
361,362,Blues Brothers 2000 (1998),2.82,28,78.96
109,110,Operation Dumbo Drop (1995),2.52,31,78.12
964,965,Funny Face (1957),3.67,21,77.07
1146,1147,My Family (1995),3.67,21,77.07
444,445,"Body Snatcher, The (1945)",3.5,22,77.0
742,743,"Crow: City of Angels, The (1996)",1.95,39,76.05
542,543,"Mis�rables, Les (1995)",3.62,21,76.02
1094,1095,High School High (1996),2.62,29,75.98
799,800,In the Mouth of Madness (1995),2.88,26,74.88
939,940,Airheads (1994),2.34,32,74.88
421,422,Aladdin and the King of Thieves (1996),2.85,26,74.10000000000001
1283,1284,Before and After (1996),2.85,26,74.10000000000001
1175,1176,Welcome To Sarajevo (1997),3.36,22,73.92
864,865,"Ice Storm, The (1997)",3.48,21,73.08
1167,1168,Little Buddha (1993),3.32,22,73.03999999999999
531,532,Kama Sutra: A Tale of Love (1996),3.32,22,73.03999999999999
952,953,Unstrung Heroes (1995),3.32,22,73.03999999999999
703,704,"House of the Spirits, The (1993)",3.04,24,72.96000000000001
774,775,Something to Talk About (1995),2.77,26,72.02
1102,1103,Trust (1990),3.79,19,72.01
937,938,"Smile Like Yours, A (1997)",2.88,25,72.0
1156,1157,"Relic, The (1997)",2.88,25,72.0
868,869,Fools Rush In (1997),3.0,24,72.0
1314,1315,Inventing the Abbotts (1997),3.13,23,71.99
961,962,Ruby in Paradise (1993),3.13,23,71.99
1410,1411,Barbarella (1968),2.57,28,71.96
623,624,"Three Caballeros, The (1945)",3.27,22,71.94
1112,1113,Mrs. Parker and the Vicious Circle (1994),3.27,22,71.94
1092,1093,Live Nude Girls (1995),3.09,23,71.07
414,415,"Apple Dumpling Gang, The (1975)",2.84,25,71.0
810,811,Thirty-Two Short Films About Glenn Gould (1993),3.94,18,70.92
570,571,Another Stakeout (1993),2.5,28,70.0
979,980,Mother Night (1996),3.18,22,69.96000000000001
718,719,Canadian Bacon (1994),2.41,29,69.89
562,563,Stephen King's The Langoliers (1995),2.41,29,69.89
1085,1086,It's My Party (1995),3.29,21,69.09
817,818,Girl 6 (1996),2.76,25,69.0
903,904,Ma vie en rose (My Life in Pink) (1997),3.45,20,69.0
148,149,Jude (1996),3.0,23,69.0
733,734,Made in America (1993),2.52,27,68.04
977,978,Heaven's Prisoners (1996),2.52,27,68.04
1033,1034,"Quest, The (1996)",2.52,27,68.04
616,617,"Blue Angel, The (Blaue Engel, Der) (1930)",3.78,18,68.03999999999999
702,703,Widows' Peak (1994),3.58,19,68.02
375,376,Houseguest (1994),2.83,24,67.92
820,821,Mrs. Winterbourne (1996),3.05,22,67.1
1162,1163,"Portrait of a Lady, The (1996)",2.68,25,67.0
1221,1222,Judgment Night (1993),2.68,25,67.0
905,906,Oscar & Lucinda (1997),3.19,21,66.99
967,968,"Inspector General, The (1949)",3.72,18,66.96000000000001
387,388,Beverly Hills Cop III (1994),2.39,28,66.92
1198,1199,Cemetery Man (Dellamorte Dellamore) (1994),2.87,23,66.01
1035,1036,Drop Dead Fred (1991),2.75,24,66.0
1152,1153,Backbeat (1993),3.47,19,65.93
680,681,Wishmaster (1997),2.44,27,65.88
1005,1006,Until the End of the World (Bis ans Ende der Welt) (1991),2.83,23,65.09
1295,1296,Indian Summer (1996),3.25,20,65.0
1039,1040,Two if by Sea (1996),2.6,25,65.0
1276,1277,Set It Off (1996),3.42,19,64.98
1203,1204,To Be or Not to Be (1942),3.61,18,64.98
617,618,Picnic (1955),3.61,18,64.98
382,383,"Flintstones, The (1994)",2.06,31,63.86
1285,1286,Shall We Dance? (1937),3.71,17,63.07
634,635,"Fog, The (1980)",2.74,23,63.02
358,359,"Assignment, The (1997)",3.5,18,63.0
1096,1097,"Hate (Haine, La) (1995)",3.5,18,63.0
1048,1049,House Arrest (1996),2.52,25,63.0
984,985,Blood & Wine (1997),2.86,22,62.919999999999995
744,745,"Ruling Class, The (1972)",3.88,16,62.08
1244,1245,Gridlock'd (1997),3.21,19,60.99
1077,1078,Oliver & Company (1988),2.77,22,60.94
559,560,"Kid in King Arthur's Court, A (1995)",2.73,22,60.06
1142,1143,Hard Eight (1996),4.0,15,60.0
985,986,Turbulence (1997),2.57,23,59.11
1116,1117,Surviving Picasso (1996),3.11,19,59.089999999999996
717,718,In the Bleak Midwinter (1995),3.69,16,59.04
564,565,Village of the Damned (1995),2.68,22,58.96
367,368,Bio-Dome (1996),1.9,31,58.9
550,551,Lord of Illusions (1995),2.42,24,58.08
834,835,"Gay Divorcee, The (1934)",3.87,15,58.050000000000004
1450,1451,Foreign Correspondent (1940),3.87,15,58.050000000000004
1218,1219,"Goofy Movie, A (1995)",2.9,20,58.0
1257,1258,Trial and Error (1997),2.52,23,57.96
1400,1401,M. Butterfly (1993),3.22,18,57.96
334,335,How to Be a Player (1997),2.76,21,57.959999999999994
1264,1265,Star Maps (1997),3.05,19,57.949999999999996
1277,1278,Selena (1997),3.62,16,57.92
1214,1215,Barb Wire (1996),1.93,30,57.9
915,916,Lost in Space (1998),3.17,18,57.06
1068,1069,Amateur (1994),3.17,18,57.06
1207,1208,Kiss of Death (1995),2.85,20,57.0
1247,1248,Blink (1994),3.0,19,57.0
1051,1052,Dracula: Dead and Loving It (1995),2.28,25,56.99999999999999
255,256,When the Cats Away (Chacun cherche son chat) (1996),3.56,16,56.96
831,832,Bogus (1996),2.55,22,56.099999999999994
990,991,Keys to Tulsa (1997),2.24,25,56.00000000000001
981,982,Maximum Risk (1996),2.8,20,56.0
690,691,Dark City (1998),3.5,16,56.0
902,903,Afterglow (1997),3.11,18,55.98
811,812,Andre (1994),3.11,18,55.98
114,115,"Haunted World of Edward D. Wood Jr., The (1995)",3.73,15,55.95
351,352,Spice World (1997),2.12,26,55.120000000000005
946,947,"Big Blue, The (Grand bleu, Le) (1988)",3.24,17,55.080000000000005
1106,1107,Beyond Rangoon (1995),3.06,18,55.08
563,564,Tales from the Hood (1995),2.04,27,55.08
1171,1172,"Women, The (1939)",3.67,15,55.05
532,533,"Daytrippers, The (1996)",3.67,15,55.05
833,834,Halloween: The Curse of Michael Myers (1995),2.2,25,55.00000000000001
1230,1231,Marked for Death (1990),2.5,22,55.0
397,398,Super Mario Bros. (1993),2.08,26,54.08
853,854,Bad Taste (1987),3.38,16,54.08
852,853,Braindead (1992),3.86,14,54.04
83,84,Robert A. Heinlein's The Puppet Masters (1994),3.0,18,54.0
1023,1024,Mrs. Dalloway (1997),3.6,15,54.0
350,351,"Prophecy II, The (1998)",2.7,20,54.0
336,337,"House of Yes, The (1997)",3.0,18,54.0
957,958,To Live (Huozhe) (1994),3.79,14,53.06
556,557,Farinelli: il castrato (1994),3.12,17,53.04
1053,1054,Mr. Wrong (1996),2.3,23,52.9
887,888,One Night Stand (1997),3.47,15,52.050000000000004
1130,1131,Safe (1995),4.0,13,52.0
129,130,Kansas City (1996),2.26,23,51.98
1056,1057,"Pallbearer, The (1996)",2.32,22,51.04
794,795,Richie Rich (1994),2.43,21,51.03
932,933,"Funeral, The (1996)",2.43,21,51.03
815,816,Candyman: Farewell to the Flesh (1995),2.43,21,51.03
1119,1120,I'm Not Rappaport (1996),3.0,17,51.0
914,915,Primary Colors (1998),3.92,13,50.96
1104,1105,Firestorm (1998),2.83,18,50.94
1205,1206,Amos & Andrew (1993),2.68,19,50.92
1282,1283,Out to Sea (1997),2.68,19,50.92
907,908,Half Baked (1998),2.5,20,50.0
586,587,"Hour of the Pig, The (1993)",3.57,14,49.98
772,773,Mute Witness (1994),2.94,17,49.98
578,579,Fatal Instinct (1993),2.63,19,49.97
1057,1058,"War, The (1994)",3.27,15,49.05
137,138,D3: The Mighty Ducks (1996),2.58,19,49.02
908,909,Dangerous Beauty (1998),3.77,13,49.01
111,112,Flipper (1996),2.45,20,49.0
399,400,"Little Rascals, The (1994)",2.72,18,48.96
1477,1478,Dead Presidents (1995),2.72,18,48.96
1036,1037,Grease 2 (1982),2.0,24,48.0
732,733,Go Fish (1994),3.2,15,48.0
1065,1066,Balto (1995),3.0,16,48.0
1037,1038,Switchback (1997),2.82,17,47.94
1115,1116,"Mark of Zorro, The (1940)",3.62,13,47.06
456,457,Free Willy 3: The Rescue (1997),1.74,27,46.98
1445,1446,"Bye Bye, Love (1995)",3.13,15,46.949999999999996
1284,1285,Princess Caraboo (1994),3.13,15,46.949999999999996
1443,1444,That Darn Cat! (1965),2.47,19,46.93000000000001
1177,1178,Major Payne (1994),2.47,19,46.93000000000001
453,454,Bastard Out of Carolina (1996),2.88,16,46.08
1070,1071,Party Girl (1995),2.88,16,46.08
1031,1032,Little Big League (1994),2.88,16,46.08
1123,1124,"Farewell to Arms, A (1932)",3.83,12,45.96
374,375,Showgirls (1995),1.96,23,45.08
1406,1407,"Specialist, The (1994)",2.25,20,45.0
1029,1030,"Beverly Hillbillies, The (1993)",2.25,20,45.0
1061,1062,Four Days in September (1997),3.75,12,45.0
1098,1099,"Red Firecracker, Green Firecracker (1994)",3.46,13,44.98
800,801,"Air Up There, The (1994)",2.81,16,44.96
1427,1428,SubUrbia (1997),3.67,12,44.04
724,725,Exit to Eden (1994),2.75,16,44.0
1312,1313,Palmetto (1998),3.14,14,43.96
1170,1171,Wild Reeds (1994),3.14,14,43.96
1262,1263,Foxfire (1996),2.93,15,43.95
888,889,"Tango Lesson, The (1997)",3.38,13,43.94
1191,1192,"Boys of St. Vincent, The (1993)",3.38,13,43.94
1238,1239,Cutthroat Island (1995),2.44,18,43.92
1279,1280,Gang Related (1997),2.69,16,43.04
533,534,Traveller (1997),3.31,13,43.03
1111,1112,Cobb (1994),2.8,15,42.0
1186,1187,Switchblade Sisters (1975),3.23,13,41.99
882,883,Telling Lies in America (1997),3.23,13,41.99
1231,1232,Madonna: Truth or Dare (1991),2.47,17,41.99
786,787,Roommates (1995),3.23,13,41.99
713,714,Carrington (1995),3.23,13,41.99
1182,1183,"Cowboy Way, The (1994)",2.21,19,41.99
1403,1404,Withnail and I (1987),3.23,13,41.99
1302,1303,"Getaway, The (1994)",2.33,18,41.94
262,263,Steel (1997),2.16,19,41.040000000000006
1184,1185,In the Army Now (1994),2.28,18,41.04
1482,1483,"Man in the Iron Mask, The (1998)",3.42,12,41.04
1210,1211,Blue Sky (1994),3.42,12,41.04
1168,1169,Fresh (1994),4.1,10,41.0
997,998,Cabin Boy (1994),2.56,16,40.96
1272,1273,Color of Night (1994),2.73,15,40.95
1280,1281,Manny & Lo (1996),3.15,13,40.949999999999996
858,859,April Fool's Day (1986),2.67,15,40.05
700,701,"Wonderful, Horrible Life of Leni Riefenstahl, The (1993)",4.0,10,40.0
1310,1311,Waiting to Exhale (1995),2.5,16,40.0
1153,1154,Alphaville (1965),3.33,12,39.96
393,394,Radioland Murders (1994),3.33,12,39.96
1158,1159,Stalker (1979),3.55,11,39.05
953,954,Unzipped (1995),3.55,11,39.05
1166,1167,"Sum of Us, The (1994)",3.55,11,39.05
1268,1269,Love in the Afternoon (1957),3.9,10,39.0
699,700,Miami Rhapsody (1995),2.6,15,39.0
1206,1207,Jade (1995),2.29,17,38.93
1139,1140,"Road to Wellville, The (1994)",2.29,17,38.93
966,967,Little Lord Fauntleroy (1936),3.17,12,38.04
1165,1166,Love & Human Remains (1993),3.17,12,38.04
1468,1469,Tom and Huck (1995),3.17,12,38.04
1067,1068,"Star Maker, The (Uomo delle stelle, L') (1995)",3.17,12,38.04
1265,1266,Bread and Chocolate (Pane e cioccolata) (1973),3.17,12,38.04
592,593,Stalingrad (1993),3.17,12,38.04
1192,1193,Before the Rain (Pred dozhdot) (1994),3.8,10,38.0
861,862,Jingle All the Way (1996),2.11,18,37.98
694,695,Kicking and Screaming (1995),2.92,13,37.96
1160,1161,Palookaville (1996),2.92,13,37.96
1208,1209,Mixed Nuts (1994),2.53,15,37.949999999999996
112,113,"Horseman on the Roof, The (Hussard sur le toit, Le) (1995)",4.11,9,36.99
1224,1225,Angus (1995),2.64,14,36.96
1448,1449,Pather Panchali (1955),4.62,8,36.96
1189,1190,That Old Feeling (1997),3.36,11,36.96
785,786,"Perez Family, The (1995)",2.64,14,36.96
1517,1518,Losing Isaiah (1995),3.0,12,36.0
982,983,"Rich Man's Wife, The (1996)",2.4,15,36.0
589,590,Hellraiser: Bloodline (1996),2.0,18,36.0
1374,1375,"Cement Garden, The (1993)",3.6,10,36.0
859,860,"Believers, The (1987)",2.25,16,36.0
1194,1195,Strawberry and Chocolate (Fresa y chocolate) (1993),3.27,11,35.97
757,758,Lawnmower Man 2: Beyond Cyberspace (1996),1.71,21,35.91
893,894,Home Alone 3 (1997),1.89,19,35.91
995,996,"Big Green, The (1995)",2.5,14,35.0
792,793,Crooklyn (1994),3.5,10,35.0
360,361,Incognito (1997),3.5,10,35.0
1420,1421,My Crazy Life (Mi vida loca) (1993),3.18,11,34.980000000000004
1127,1128,Heidi Fleiss: Hollywood Madam (1995) ,2.69,13,34.97
827,828,Alaska (1996),2.69,13,34.97
352,353,Deep Rising (1998),2.43,14,34.02
892,893,For Richer or Poorer (1997),2.43,14,34.02
725,726,Fluke (1995),2.43,14,34.02
1523,1524,Kaspar Hauser (1993),4.25,8,34.0
1000,1001,"Stupids, The (1996)",2.0,17,34.0
340,341,Critical Care (1997),3.09,11,33.989999999999995
1014,1015,Shiloh (1997),2.83,12,33.96
1248,1249,For Love or Money (1993),2.83,12,33.96
1296,1297,Love Affair (1994),2.83,12,33.96
1418,1419,Highlander III: The Sorcerer (1994),2.12,16,33.92
996,997,Stuart Saves His Family (1995),2.12,16,33.92
1297,1298,"Band Wagon, The (1953)",3.67,9,33.03
1290,1291,Celtic Pride (1996),2.2,15,33.0
1084,1085,Carried Away (1996),3.0,11,33.0
573,574,Boxing Helena (1993),2.2,15,33.0
1267,1268,Bitter Moon (1992),3.3,10,33.0
535,536,Ponette (1996),3.3,10,33.0
1113,1114,Faithful (1996),3.3,10,33.0
1250,1251,A Chef in Love (1996),4.12,8,32.96
1229,1230,Ready to Wear (Pret-A-Porter) (1994),1.83,18,32.94
1223,1224,"Scout, The (1994)",2.67,12,32.04
847,848,"Murder, My Sweet (1944)",3.56,9,32.04
1472,1473,"Little Princess, The (1939)",3.56,9,32.04
1126,1127,"Truman Show, The (1998)",2.91,11,32.010000000000005
620,621,"Davy Crockett, King of the Wild Frontier (1955)",2.91,11,32.010000000000005
389,390,Fear of a Black Hat (1993),3.2,10,32.0
1054,1055,"Simple Twist of Fate, A (1994)",3.2,10,32.0
1055,1056,Cronos (1992),3.2,10,32.0
359,360,Wonderland (1997),3.2,10,32.0
452,453,Jaws 3-D (1983),1.94,16,31.04
1399,1400,Picture Bride (1995),3.1,10,31.0
1502,1503,Gold Diggers: The Secret of Bear Mountain (1995),3.1,10,31.0
898,899,"Winter Guest, The (1997)",3.44,9,30.96
266,267,unknown,3.44,9,30.96
396,397,Striking Distance (1993),2.58,12,30.96
1181,1182,Cops and Robbersons (1994),2.31,13,30.03
913,914,Wild Things (1998),2.73,11,30.03
555,556,Wild Bill (1995),2.5,12,30.0
999,1000,Lightning Jack (1994),3.0,10,30.0
697,698,"Browning Version, The (1994)",3.0,10,30.0
1091,1092,Dear God (1996),2.5,12,30.0
1614,1615,Warriors of Virtue (1997),3.0,10,30.0
1147,1148,Tom & Viv (1994),3.33,9,29.97
1140,1141,"War Room, The (1993)",3.33,9,29.97
963,964,"Month by the Lake, A (1995)",3.33,9,29.97
591,592,True Crime (1995),3.33,9,29.97
1334,1335,American Buffalo (1996),2.64,11,29.040000000000003
1093,1094,"Thin Line Between Love and Hate, A (1996)",2.42,12,29.04
884,885,Phantoms (1998),2.23,13,28.99
1087,1088,Double Team (1997),2.23,13,28.99
775,776,Three Wishes (1995),3.22,9,28.98
1281,1282,"Grass Harp, The (1995)",3.22,9,28.98
1619,1620,"Sixth Man, The (1997)",3.22,9,28.98
1261,1262,Walking and Talking (1996),3.62,8,28.96
102,103,All Dogs Go to Heaven 2 (1996),1.87,15,28.05
1201,1202,"Maybe, Maybe Not (Bewegte Mann, Der) (1994)",3.5,8,28.0
1028,1029,Jury Duty (1995),2.0,14,28.0
998,999,Clean Slate (1994),2.8,10,28.0
1539,1540,"Amazing Panda Adventure, The (1995)",2.8,10,28.0
17,18,"White Balloon, The (1995)",2.8,10,28.0
1003,1004,Geronimo: An American Legend (1993),3.11,9,27.99
765,766,Man of the Year (1995),3.11,9,27.99
1149,1150,Last Dance (1996),3.11,9,27.99
1228,1229,Poison Ivy II (1995),2.15,13,27.95
35,36,Mad Love (1995),2.15,13,27.95
376,377,Heavyweights (1994),2.15,13,27.95
1251,1252,"Contempt (M�pris, Le) (1963)",3.0,9,27.0
1075,1076,"Pagemaster, The (1994)",2.25,12,27.0
911,912,U.S. Marshalls (1998),3.0,9,27.0
1313,1314,Surviving the Game (1994),2.45,11,26.950000000000003
1164,1165,Big Bully (1996),1.86,14,26.040000000000003
666,667,Audrey Rose (1977),2.17,12,26.04
547,548,"NeverEnding Story III, The (1994)",2.17,12,26.04
1278,1279,Wild America (1997),2.89,9,26.01
1173,1174,Caught (1996),3.25,8,26.0
969,970,Hear My Song (1991),3.25,8,26.0
1425,1426,Grace of My Heart (1996),3.25,8,26.0
1424,1425,I'll Do Anything (1994),2.6,10,26.0
781,782,Little Odessa (1994),2.6,10,26.0
1380,1381,Losing Chase (1996),3.25,8,26.0
1461,1462,"Thieves (Voleurs, Les) (1996)",3.71,7,25.97
1455,1456,Beat the Devil (1954),3.71,7,25.97
1242,1243,Night Flier (1997),3.71,7,25.97
423,424,Children of the Corn: The Gathering (1996),1.32,19,25.080000000000002
869,870,Touch (1997),2.78,9,25.02
806,807,Poetic Justice (1993),2.78,9,25.02
1183,1184,"Endless Summer 2, The (1994)",2.5,10,25.0
1180,1181,"Low Down Dirty Shame, A (1994)",2.5,10,25.0
1179,1180,I Love Trouble (1994),2.5,10,25.0
790,791,"Baby-Sitters Club, The (1995)",2.5,10,25.0
1433,1434,Shooting Fish (1997),2.5,10,25.0
145,146,Unhook the Stars (1996),2.5,10,25.0
1557,1558,Aparajito (1956),3.57,7,24.99
1458,1459,Madame Butterfly (1995),3.57,7,24.99
1479,1480,Herbie Rides Again (1974),2.27,11,24.97
373,374,Mighty Morphin Power Rangers: The Movie (1995),2.27,11,24.97
1076,1077,Love and a .45 (1994),3.12,8,24.96
1237,1238,Full Speed (1996),3.12,8,24.96
1144,1145,Blue Chips (1994),2.67,9,24.03
1110,1111,Double Happiness (1994),3.43,7,24.01
1074,1075,"Man of No Importance, A (1994)",3.43,7,24.01
916,917,Mercury Rising (1998),3.43,7,24.01
1511,1512,"World of Apu, The (Apur Sansar) (1959)",4.0,6,24.0
1438,1439,Jason's Lyric (1994),3.0,8,24.0
1465,1466,Margaret's Museum (1995),4.0,6,24.0
917,918,City of Angels (1998),3.0,8,24.0
1042,1043,Rent-a-Kid (1995),3.0,8,24.0
1298,1299,Penny Serenade (1941),3.0,8,24.0
866,867,"Whole Wide World, The (1996)",4.0,6,24.0
758,759,Fair Game (1995),2.18,11,23.98
34,35,Free Willy 2: The Adventure Home (1995),2.18,11,23.98
766,767,"Addiction, The (1995)",2.18,11,23.98
802,803,Heaven & Earth (1993),2.56,9,23.04
803,804,Jimmy Hollywood (1994),2.88,8,23.04
900,901,Mr. Magoo (1997),1.92,12,23.04
1474,1475,Bhaji on the Beach (1993),2.88,8,23.04
1263,1264,Nothing to Lose (1994),3.29,7,23.03
1199,1200,Kim (1950),3.29,7,23.03
934,935,Paradise Road (1997),3.29,7,23.03
1530,1531,Far From Home: The Adventures of Yellow Dog (1995),3.29,7,23.03
883,884,Year of the Horse (1997),3.29,7,23.03
439,440,Amityville II: The Possession (1982),1.64,14,22.959999999999997
1367,1368,Mina Tannenbaum (1994),3.67,6,22.02
1412,1413,Street Fighter (1994),2.75,8,22.0
1080,1081,Curdled (1996),2.75,8,22.0
1478,1479,Reckless (1995),2.75,8,22.0
1293,1294,Ayn Rand: A Sense of Life (1997),3.14,7,21.98
1513,1514,Dream With the Fishes (1997),3.14,7,21.98
1197,1198,Purple Noon (1960),3.14,7,21.98
975,976,Solo (1996),1.83,12,21.96
445,446,Burnt Offerings (1976),2.44,9,21.96
1470,1471,Hideaway (1995),2.44,9,21.96
544,545,Vampire in Brooklyn (1995),1.83,12,21.96
1414,1415,"Next Karate Kid, The (1994)",2.44,9,21.96
668,669,Body Parts (1991),1.62,13,21.060000000000002
1236,1237,Twisted (1996),3.5,6,21.0
1311,1312,"Pompatus of Love, The (1996)",3.0,7,21.0
1232,1233,N�nette et Boni (1996),3.5,6,21.0
73,74,Faster Pussycat! Kill! Kill! (1965),3.0,7,21.0
1395,1396,Stonewall (1995),4.2,5,21.0
1287,1288,Denise Calls Up (1995),3.0,7,21.0
1366,1367,Faust (1994),4.2,5,21.0
1336,1337,Larger Than Life (1996),2.33,9,20.97
1299,1300,'Til There Was You (1997),2.33,9,20.97
1099,1100,What Happened Was... (1994),2.62,8,20.96
1081,1082,Female Perversions (1996),2.62,8,20.96
1408,1409,"Swan Princess, The (1994)",2.86,7,20.02
1378,1379,Love and Other Catastrophes (1996),2.86,7,20.02
1253,1254,Gone Fishin' (1997),1.82,11,20.02
1275,1276,Sunset Park (1996),2.5,8,20.0
554,555,White Man's Burden (1995),2.0,10,20.0
797,798,Bad Company (1995),2.22,9,19.98
1325,1326,Boys (1996),3.33,6,19.98
1387,1388,Gabbeh (1996),3.33,6,19.98
1467,1468,"Cure, The (1995)",3.33,6,19.98
1404,1405,Boy's Life 2 (1997),3.33,6,19.98
295,296,"Promesse, La (1996)",3.33,6,19.98
1226,1227,"Awfully Big Adventure, An (1995)",2.38,8,19.04
1233,1234,Chairman of the Board (1998),2.38,8,19.04
1273,1274,Robocop 3 (1993),1.73,11,19.03
1327,1328,Of Love and Shadows (1994),3.17,6,19.02
1590,1591,Duoluo tianshi (1995),3.17,6,19.02
926,927,"Flower of My Secret, The (Flor de mi secreto, La) (1995)",3.17,6,19.02
867,868,Hearts and Minds (1996),3.8,5,19.0
1300,1301,Stripes (1981),3.8,5,19.0
1392,1393,Stag (1997),2.11,9,18.99
1178,1179,Man of the House (1995),2.11,9,18.99
33,34,"Doom Generation, The (1995)",2.71,7,18.97
1270,1271,North (1994),2.71,7,18.97
1315,1316,"Horse Whisperer, The (1998)",2.71,7,18.97
1494,1495,Flirt (1995),3.6,5,18.0
1002,1003,That Darn Cat! (1997),2.25,8,18.0
1436,1437,House Party 3 (1994),2.0,9,18.0
1591,1592,"Magic Hour, The (1998)",3.6,5,18.0
1254,1255,Broken English (1996),2.25,8,18.0
36,37,Nadja (1994),2.25,8,18.0
1215,1216,Kissed (1996),3.0,6,18.0
1213,1214,In the Realm of the Senses (Ai no corrida) (1976),2.0,9,18.0
1453,1454,Angel and the Badman (1947),3.0,6,18.0
1204,1205,"Secret Agent, The (1996)",3.0,6,18.0
1335,1336,Kazaam (1996),1.8,10,18.0
118,119,Maya Lin: A Strong Clear Vision (1994),4.5,4,18.0
1434,1435,"Steal Big, Steal Little (1995)",2.57,7,17.99
1440,1441,Moonlight and Valentino (1995),2.57,7,17.99
1294,1295,Kicked in the Head (1997),2.57,7,17.99
1172,1173,Bliss (1997),2.57,7,17.99
1252,1253,"Tie That Binds, The (1995)",2.43,7,17.01
1393,1394,Swept from the Sea (1997),2.43,7,17.01
1521,1522,Trial by Jury (1994),2.43,7,17.01
1526,1527,Senseless (1998),2.43,7,17.01
1071,1072,"Pyromaniac's Love Story, A (1995)",2.43,7,17.01
1304,1305,National Lampoon's Senior Trip (1995),2.43,7,17.01
1101,1102,Two Much (1996),2.43,7,17.01
1398,1399,Stranger in the House (1997),2.43,7,17.01
1124,1125,"Innocents, The (1961)",4.25,4,17.0
1063,1064,Crossfire (1947),4.25,4,17.0
1405,1406,When Night Is Falling (1995),3.4,5,17.0
1174,1175,Hugo Pool (1997),3.4,5,17.0
1086,1087,Bloodsport 2 (1995),1.7,10,17.0
1137,1138,Best Men (1997),3.4,5,17.0
1301,1302,Late Bloomers (1996),3.4,5,17.0
1430,1431,Legal Deceit (1997),3.4,5,17.0
1211,1212,Flesh and Bone (1993),2.83,6,16.98
1473,1474,Nina Takes a Lover (1994),2.83,6,16.98
1030,1031,Lassie (1994),2.29,7,16.03
993,994,"Last Time I Committed Suicide, The (1997)",2.29,7,16.03
1269,1270,Life with Mikey (1993),2.29,7,16.03
705,706,Bad Moon (1996),2.67,6,16.02
890,891,Bent (1997),2.67,6,16.02
1385,1386,Tetsuo II: Body Hammer (1992),2.67,6,16.02
1354,1355,Infinity (1996),2.67,6,16.02
1240,1241,"Van, The (1996)",2.67,6,16.02
1536,1537,Cosi (1996),4.0,4,16.0
1157,1158,"Fille seule, La (A Single Girl) (1995)",4.0,4,16.0
1510,1511,Children of the Revolution (1996),3.2,5,16.0
1343,1344,"Story of Xinghua, The (1993)",3.2,5,16.0
798,799,Boys Life (1995),3.2,5,16.0
849,850,"Perfect Candidate, A (1996)",4.0,4,16.0
1396,1397,Of Human Bondage (1934),3.2,5,16.0
1001,1002,"Pest, The (1997)",1.88,8,15.04
1599,1600,Guantanamera (1994),3.75,4,15.0
1082,1083,Albino Alligator (1996),2.5,6,15.0
1596,1597,Romper Stomper (1992),3.0,5,15.0
1597,1598,City of Industry (1997),2.5,6,15.0
1611,1612,"Leading Man, The (1996)",3.75,4,15.0
850,851,Two or Three Things I Know About Her (1966),3.75,4,15.0
1188,1189,Prefontaine (1997),5.0,3,15.0
1439,1440,Above the Rim (1994),3.0,5,15.0
74,75,Brother Minister: The Assassination of Malcolm X (1994),3.0,5,15.0
1500,1501,Prisoner of the Mountains (Kavkazsky Plennik) (1996),3.0,5,15.0
1627,1628,Lamerica (1994),3.75,4,15.0
1292,1293,Star Kid (1997),5.0,3,15.0
1642,1643,Angel Baby (1995),3.75,4,15.0
1442,1443,8 Seconds (1994),3.75,4,15.0
1150,1151,Original Gangstas (1996),2.14,7,14.98
1375,1376,Meet Wally Sparks (1997),2.14,7,14.98
1288,1289,Jack and Sarah (1995),2.14,7,14.98
980,981,Dangerous Ground (1997),1.75,8,14.0
1426,1427,Drunks (1995),2.8,5,14.0
1384,1385,Roseanna's Grave (For Roseanna) (1997),2.8,5,14.0
1222,1223,King of the Hill (1993),3.5,4,14.0
1528,1529,Underground (1995),2.8,5,14.0
1495,1496,Carpool (1996),2.8,5,14.0
1516,1517,Race the Sun (1996),2.8,5,14.0
972,973,Grateful Dead (1995),3.5,4,14.0
1332,1333,Midnight Dancers (Sibak) (1994),2.8,5,14.0
1484,1485,"Colonel Chabert, Le (1994)",3.5,4,14.0
1394,1395,Hurricane Streets (1998),2.33,6,13.98
1379,1380,Hollow Reed (1996),2.33,6,13.98
1321,1322,Metisse (Caf� au Lait) (1993),2.33,6,13.98
1176,1177,Dunston Checks In (1996),1.86,7,13.020000000000001
1212,1213,Guilty as Sin (1993),2.17,6,13.02
667,668,Blood Beach (1981),2.17,6,13.02
1533,1534,Twin Town (1997),2.17,6,13.02
1163,1164,Zeus and Roxanne (1997),2.17,6,13.02
1469,1470,Gumby: The Movie (1995),2.6,5,13.0
1241,1242,"Old Lady Who Walked in the Sea, The (Vieille qui marchait dans la mer, La) (1991)",2.6,5,13.0
1260,1261,"Run of the Country, The (1995)",3.25,4,13.0
1376,1377,Hotel de Love (1996),3.25,4,13.0
1554,1555,"Secret Adventures of Tom Thumb, The (1993)",2.6,5,13.0
1352,1353,1-900 (1994),2.6,5,13.0
625,626,So Dear to My Heart (1949),3.25,4,13.0
1663,1664,8 Heads in a Duffel Bag (1997),3.25,4,13.0
1498,1499,Grosse Fatigue (1994),3.25,4,13.0
1638,1639,Bitter Sugar (Azucar Amargo) (1996),4.33,3,12.99
1190,1191,"Letter From Death Row, A (1998)",4.33,3,12.99
1520,1521,Mr. Wonderful (1993),3.0,4,12.0
1515,1516,"Wedding Gift, The (1994)",4.0,3,12.0
1441,1442,"Scarlet Letter, The (1995)",2.4,5,12.0
1382,1383,"Second Jungle Book: Mowgli & Baloo, The (1997)",2.0,6,12.0
1622,1623,"C�r�monie, La (1995)",4.0,3,12.0
1487,1488,Germinal (1993),3.0,4,12.0
1604,1605,Love Serenade (1996),3.0,4,12.0
1534,1535,"Enfer, L' (1994)",3.0,4,12.0
1588,1589,Schizopolis (1996),3.0,4,12.0
1415,1416,No Escape (1994),2.4,5,12.0
1437,1438,Panther (1995),2.4,5,12.0
821,822,Faces (1968),3.0,4,12.0
665,666,Blood For Dracula (Andy Warhol's Dracula) (1974),2.4,5,12.0
1330,1331,"Last Klezmer: Leopold Kozlowski, His Life and Music, The (1995)",3.0,4,12.0
642,643,The Innocent (1994),3.0,4,12.0
1345,1346,Dingo (1992),2.4,5,12.0
593,594,Heavy (1995),2.4,5,12.0
1107,1108,Feast of July (1995),2.4,5,12.0
1105,1106,"Newton Boys, The (1998)",3.0,4,12.0
991,992,Head Above Water (1996),3.0,4,12.0
1103,1104,C'est arriv� pr�s de chez vous (1992),3.0,4,12.0
1323,1324,Loaded (1994),2.4,5,12.0
1447,1448,My Favorite Season (1993),3.67,3,11.01
1505,1506,Nelly & Monsieur Arnaud (1995),3.67,3,11.01
1503,1504,"Bewegte Mann, Der (1994)",3.67,3,11.01
1143,1144,"Quiet Room, The (1996)",3.67,3,11.01
1122,1123,"Last Time I Saw Paris, The (1954)",3.67,3,11.01
1417,1418,"Joy Luck Club, The (1993)",3.67,3,11.01
1401,1402,"Ciao, Professore! (1993)",2.75,4,11.0
1402,1403,Caro Diario (Dear Diary) (1994),2.75,4,11.0
1346,1347,"Ballad of Narayama, The (Narayama Bushiko) (1958)",2.75,4,11.0
1428,1429,Sliding Doors (1998),2.75,4,11.0
1409,1410,Harlem (1993),2.75,4,11.0
837,838,In the Line of Duty 2 (1987),2.75,4,11.0
1488,1489,Chasers (1994),2.2,5,11.0
1259,1260,Total Eclipse (1995),2.75,4,11.0
1368,1369,"Forbidden Christ, The (Cristo proibito, Il) (1950)",2.75,4,11.0
1552,1553,"Underneath, The (1995)",2.75,4,11.0
756,757,Across the Sea of Time (1995),2.75,4,11.0
1559,1560,Clean Slate (Coup de Torchon) (1981),2.75,4,11.0
919,920,Two Bits (1995),2.2,5,11.0
1377,1378,Rhyme & Reason (1997),2.2,5,11.0
1444,1445,Ladybird Ladybird (1994),2.75,4,11.0
1245,1246,Bushwhacked (1995),1.57,7,10.99
1246,1247,Bad Girls (1994),1.83,6,10.98
1411,1412,Land Before Time III: The Time of the Great Giving (1995) (V),1.67,6,10.02
1529,1530,Jefferson in Paris (1995),2.0,5,10.0
910,911,Twilight (1998),2.5,4,10.0
1391,1392,"Locusts, The (1997)",2.0,5,10.0
1544,1545,Frankie Starlight (1995),2.5,4,10.0
1499,1500,Santa with Muscles (1996),5.0,2,10.0
1486,1487,Even Cowgirls Get the Blues (1993),2.0,5,10.0
1274,1275,Killer (Bulletproof Heart) (1994),2.5,4,10.0
1025,1026,"Lay of the Land, The (1997)",2.5,4,10.0
1329,1330,An Unforgettable Summer (1994),2.5,4,10.0
1466,1467,"Saint of Fort Washington, The (1993)",5.0,2,10.0
986,987,Underworld (1997),2.5,4,10.0
838,839,Loch Ness (1995),2.5,4,10.0
1606,1607,Hurricane Streets (1998),3.33,3,9.99
1601,1602,"Price Above Rubies, A (1998)",3.33,3,9.99
1185,1186,"Inkwell, The (1994)",3.33,3,9.99
1462,1463,"Boys, Les (1997)",3.33,3,9.99
1154,1155,"Rendezvous in Paris (Rendez-vous de Paris, Les) (1995)",3.33,3,9.99
1593,1594,Everest (1998),4.5,2,9.0
246,247,Turbo: A Power Rangers Movie (1997),1.8,5,9.0
1271,1272,Talking About Sex (1994),1.8,5,9.0
1641,1642,Some Mother's Son (1996),4.5,2,9.0
1421,1422,Suture (1993),2.25,4,9.0
1422,1423,"Walking Dead, The (1995)",2.25,4,9.0
1657,1658,"Substance of Fire, The (1996)",3.0,3,9.0
1388,1389,Mondo (1996),3.0,3,9.0
1607,1608,Buddy (1997),2.25,4,9.0
597,598,"Big Squeeze, The (1996)",2.25,4,9.0
1489,1490,Fausto (1993),3.0,3,9.0
1537,1538,All Over Me (1997),3.0,3,9.0
1397,1398,Anna (1996),4.5,2,9.0
1195,1196,"Savage Nights (Nuits fauves, Les) (1992)",3.0,3,9.0
1337,1338,Two Deaths (1995),2.25,4,9.0
1371,1372,"Stranger, The (1994)",3.0,3,9.0
1249,1250,Best of the Best 3: No Turning Back (1995),1.5,6,9.0
1356,1357,For the Moment (1994),2.67,3,8.01
1483,1484,"Jerky Boys, The (1994)",2.67,3,8.01
816,817,Frisk (1995),2.67,3,8.01
1322,1323,"Wooden Man's Bride, The (Wu Kui) (1994)",2.67,3,8.01
1026,1027,"Shooter, The (1995)",2.67,3,8.01
1543,1544,It Takes Two (1995),2.67,3,8.01
1369,1370,I Can't Sleep (J'ai pas sommeil) (1994),2.67,3,8.01
1355,1356,Ed's Next Move (1996),2.67,3,8.01
1360,1361,"Search for One-eye Jimmy, The (1996)",2.67,3,8.01
1095,1096,Commandments (1997),2.67,3,8.01
1628,1629,Nico Icon (1995),4.0,2,8.0
1258,1259,Pie in the Sky (1995),2.0,4,8.0
1079,1080,Celestial Clockwork (1994),4.0,2,8.0
1449,1450,Golden Earrings (1947),4.0,2,8.0
1508,1509,Getting Even with Dad (1994),1.6,5,8.0
909,910,Nil By Mouth (1997),2.0,4,8.0
1161,1162,Phat Beach (1996),1.6,5,8.0
1316,1317,"Journey of August King, The (1995)",2.0,4,8.0
1381,1382,"Bonheur, Le (1965)",2.0,4,8.0
1286,1287,Ed (1996),1.33,6,7.98
437,438,Amityville 3-D (1983),1.17,6,7.02
1256,1257,"Designated Mourner, The (1997)",1.75,4,7.0
1538,1539,Being Human (1993),1.75,4,7.0
1471,1472,"Visitors, The (Visiteurs, Les) (1993)",3.5,2,7.0
1318,1319,"Neon Bible, The (1995)",1.75,4,7.0
1630,1631,"Slingshot, The (1993)",3.5,2,7.0
1655,1656,Little City (1998),3.5,2,7.0
103,104,Theodore Rex (1995),1.4,5,7.0
1645,1646,Men With Guns (1997),3.5,2,7.0
1540,1541,"Beans of Egypt, Maine, The (1994)",3.5,2,7.0
1326,1327,Captives (1994),2.33,3,6.99
1527,1528,Nowhere (1997),2.33,3,6.99
860,861,Nosferatu a Venezia (1986),2.33,3,6.99
1621,1622,"Paris, France (1993)",2.33,3,6.99
1429,1430,Ill Gotten Gains (1997),2.33,3,6.99
1463,1464,"Stars Fell on Henrietta, The (1995)",2.33,3,6.99
1464,1465,Last Summer in the Hamptons (1995),2.33,3,6.99
1507,1508,"Babysitter, The (1995)",2.33,3,6.99
1423,1424,I Like It Like That (1994),2.33,3,6.99
1255,1256,"Designated Mourner, The (1997)",2.0,3,6.0
1490,1491,Tough and Deadly (1995),3.0,2,6.0
1496,1497,"Line King: Al Hirschfeld, The (1996)",3.0,2,6.0
1609,1610,"Truth or Consequences, N.M. (1997)",2.0,3,6.0
1553,1554,Safe Passage (1994),3.0,2,6.0
1390,1391,For Ever Mozart (1996),2.0,3,6.0
1386,1387,Fall (1997),2.0,3,6.0
1512,1513,Sprung (1997),2.0,3,6.0
1350,1351,Lover's Knot (1996),2.0,3,6.0
1518,1519,New Jersey Drive (1995),3.0,2,6.0
1357,1358,The Deadly Cure (1996),3.0,2,6.0
1551,1552,"Hunted, The (1995)",2.0,3,6.0
599,600,Daniel Defoe's Robinson Crusoe (1996),3.0,2,6.0
1549,1550,Destiny Turns on the Radio (1995),3.0,2,6.0
1610,1611,Intimate Relations (1996),3.0,2,6.0
1546,1547,"Show, The (1995)",3.0,2,6.0
1541,1542,"Scarlet Letter, The (1926)",3.0,2,6.0
1522,1523,"Good Man in Africa, A (1994)",3.0,2,6.0
1616,1617,Hugo Pool (1997),3.0,2,6.0
1305,1306,Delta of Venus (1994),3.0,2,6.0
1480,1481,S.F.W. (1994),3.0,2,6.0
1145,1146,Calendar Girl (1993),2.0,3,6.0
1291,1292,"Simple Wish, A (1997)",1.67,3,5.01
1651,1652,Temptress Moon (Feng Yue) (1996),1.67,3,5.01
1383,1384,Squeeze (1996),1.67,3,5.01
1608,1609,B*A*P*S (1997),1.67,3,5.01
787,788,Relative Fear (1994),1.67,3,5.01
1584,1585,American Dream (1990),2.5,2,5.0
1341,1342,"Convent, The (Convento, O) (1995)",2.5,2,5.0
1535,1536,Aiqing wansui (1994),5.0,1,5.0
776,777,Castle Freak (1995),1.25,4,5.0
1598,1599,Someone Else's America (1995),5.0,1,5.0
441,442,"Amityville Curse, The (1990)",1.25,4,5.0
438,439,Amityville: A New Generation (1993),1.0,5,5.0
1435,1436,Mr. Jones (1993),2.5,2,5.0
1652,1653,Entertaining Angels: The Dorothy Day Story (1996),5.0,1,5.0
813,814,"Great Day in Harlem, A (1994)",5.0,1,5.0
1303,1304,New York Cop (1996),2.5,2,5.0
1661,1662,Rough Magic (1995),2.5,2,5.0
1454,1455,"Outlaw, The (1943)",2.5,2,5.0
1200,1201,Marlene Dietrich: Shadow and Light (1996) ,5.0,1,5.0
313,314,3 Ninjas: High Noon At Mega Mountain (1998),1.0,5,5.0
1476,1477,Nightwatch (1997),2.5,2,5.0
912,913,Love and Death on Long Island (1997),2.5,2,5.0
436,437,Amityville 1992: It's About Time (1992),1.0,5,5.0
1416,1417,"Turning, The (1992)",2.5,2,5.0
1572,1573,Spirits of the Dead (Tre passi nel delirio) (1968),2.5,2,5.0
1320,1321,Open Season (1996),2.5,2,5.0
1121,1122,They Made Me a Criminal (1939),5.0,1,5.0
1457,1458,"Damsel in Distress, A (1937)",4.0,1,4.0
1603,1604,He Walked by Night (1948),4.0,1,4.0
1635,1636,Brothers in Trouble (1995),4.0,1,4.0
1481,1482,"Gate of Heavenly Peace, The (1995)",4.0,1,4.0
1612,1613,Tokyo Fist (1995),4.0,1,4.0
1234,1235,"Big Bang Theory, The (1994)",4.0,1,4.0
1531,1532,Foreign Student (1994),2.0,2,4.0
1532,1533,I Don't Want to Talk About It (De eso no se habla) (1993),4.0,1,4.0
1361,1362,American Strays (1996),2.0,2,4.0
1555,1556,Condition Red (1995),2.0,2,4.0
1451,1452,Lady of Burlesque (1943),4.0,1,4.0
710,711,"Substance of Fire, The (1996)",4.0,1,4.0
1673,1674,Mamma Roma (1962),4.0,1,4.0
1671,1672,Kika (1993),2.0,2,4.0
1577,1578,"Collectionneuse, La (1967)",2.0,2,4.0
1525,1526,Witness (1985),4.0,1,4.0
1524,1525,"Object of My Affection, The (1998)",4.0,1,4.0
1587,1588,Salut cousin! (1996),2.0,2,4.0
906,907,Vermin (1998),2.0,2,4.0
1644,1645,"Butcher Boy, The (1998)",4.0,1,4.0
1491,1492,Window to Paris (1994),4.0,1,4.0
1624,1625,Nightwatch (1997),4.0,1,4.0
1589,1590,"To Have, or Not (1995)",2.0,2,4.0
1331,1332,My Life and Times With Antonin Artaud (En compagnie d'Antonin Artaud) (1993),2.0,2,4.0
1497,1498,Farmer & Chase (1995),4.0,1,4.0
1649,1650,"Butcher Boy, The (1998)",4.0,1,4.0
1129,1130,Jupiter's Wife (1994),4.0,1,4.0
1650,1651,"Spanish Prisoner, The (1997)",4.0,1,4.0
1504,1505,Killer: A Journal of Murder (1995),4.0,1,4.0
1592,1593,Death in Brunswick (1991),4.0,1,4.0
1389,1390,"Innocent Sleep, The (1995)",2.0,2,4.0
1514,1515,Wings of Courage (1995),4.0,1,4.0
1432,1433,Men of Means (1998),2.0,2,4.0
1344,1345,"Day the Sun Turned Cold, The (Tianguo niezi) (1994)",2.0,2,4.0
956,957,Pushing Hands (1992),2.0,2,4.0
1615,1616,Desert Winds (1995),4.0,1,4.0
1550,1551,"Glass Shield, The (1994)",2.0,2,4.0
1317,1318,Catwalk (1995),1.33,3,3.99
1419,1420,Gilligan's Island: The Movie (1998),1.33,3,3.99
1637,1638,Normal Life (1996),3.0,1,3.0
857,858,Amityville: Dollhouse (1996),1.0,3,3.0
1643,1644,Sudden Manhattan (1996),1.5,2,3.0
1626,1627,"Wife, The (1995)",3.0,1,3.0
1646,1647,Hana-bi (1997),3.0,1,3.0
896,897,Time Tracers (1995),1.5,2,3.0
1648,1649,"Big One, The (1997)",3.0,1,3.0
1680,1681,You So Crazy (1994),3.0,1,3.0
1618,1619,All Things Fair (1996),3.0,1,3.0
1678,1679,B. Monkey (1998),3.0,1,3.0
1640,1641,Dadetown (1995),3.0,1,3.0
1639,1640,"Eighth Day, The (1996)",3.0,1,3.0
1629,1630,"Silence of the Palace, The (Saimt el Qusur) (1994)",3.0,1,3.0
1602,1603,Angela (1995),3.0,1,3.0
1631,1632,Land and Freedom (Tierra y libertad) (1995),3.0,1,3.0
856,857,Paris Was a Woman (1995),3.0,1,3.0
1676,1677,Sweet Nothing (1995),3.0,1,3.0
1674,1675,"Sunchaser, The (1996)",3.0,1,3.0
1632,1633,� k�ldum klaka (Cold Fever) (1994),3.0,1,3.0
1613,1614,"Reluctant Debutante, The (1958)",3.0,1,3.0
1672,1673,Mirage (1995),3.0,1,3.0
1636,1637,Girls Town (1996),3.0,1,3.0
1666,1667,"Next Step, The (1995)",3.0,1,3.0
1667,1668,Wedding Bell Blues (1996),3.0,1,3.0
1634,1635,Two Friends (1986) ,3.0,1,3.0
1669,1670,Tainted (1998),3.0,1,3.0
1656,1657,Target (1995),3.0,1,3.0
1519,1520,"Fear, The (1995)",3.0,1,3.0
1459,1460,Sleepover (1995),3.0,1,3.0
1548,1549,Dream Man (1995),1.5,2,3.0
676,677,Fire on the Mountain (1996),3.0,1,3.0
1509,1510,Mad Dog Time (1996),3.0,1,3.0
1506,1507,Three Lives and Only One Death (1996),3.0,1,3.0
1501,1502,Naked in New York (1994),1.5,2,3.0
1155,1156,Cyclo (1995),3.0,1,3.0
1456,1457,Love Is All There Is (1996),3.0,1,3.0
1235,1236,"Other Voices, Other Rooms (1997)",3.0,1,3.0
1446,1447,Century (1993),3.0,1,3.0
1289,1290,Country Life (1994),1.5,2,3.0
1431,1432,"Mighty, The (1998)",1.0,3,3.0
1306,1307,Carmen Miranda: Bananas Is My Business (1994),1.5,2,3.0
1309,1310,"Walk in the Sun, A (1945)",3.0,1,3.0
1407,1408,Gordy (1995),1.0,3,3.0
1349,1350,Crows and Sparrows (1949),1.5,2,3.0
1370,1371,"Machine, The (1994)",1.5,2,3.0
1364,1365,Johnny 100 Pesos (1993),1.5,2,3.0
1359,1360,"Sexual Life of the Belgians, The (1994)",1.5,2,3.0
1542,1543,Johns (1996),3.0,1,3.0
1681,1682,Scream of Stone (Schrei aus Stein) (1991),3.0,1,3.0
1623,1624,Hush (1998),2.0,1,2.0
1595,1596,Nemesis 2: Nebula (1995),2.0,1,2.0
1413,1414,Coldblooded (1995),2.0,1,2.0
1307,1308,Babyfever (1994),1.0,2,2.0
1654,1655,"Favor, The (1994)",2.0,1,2.0
1633,1634,Etz Hadomim Tafus (Under the Domin Tree) (1994),2.0,1,2.0
1452,1453,Angel on My Shoulder (1946),2.0,1,2.0
1659,1660,Small Faces (1995),2.0,1,2.0
1460,1461,Here Comes Cookie (1935),2.0,1,2.0
1475,1476,Raw Deal (1948),2.0,1,2.0
1662,1663,Nothing Personal (1995),2.0,1,2.0
1647,1648,"Niagara, Niagara (1997)",2.0,1,2.0
1664,1665,"Brother's Kiss, A (1997)",2.0,1,2.0
1594,1595,Shopping (1994),2.0,1,2.0
1665,1666,Ripe (1996),2.0,1,2.0
1373,1374,Falling in Love Again (1980),1.0,2,2.0
1333,1334,Somebody to Love (1994),1.0,2,2.0
1605,1606,Deceiver (1997),2.0,1,2.0
783,784,Beyond Bedlam (1993),1.0,2,2.0
1668,1669,MURDER and murder (1996),2.0,1,2.0
1353,1354,Venice/Venice (1992),1.0,2,2.0
1358,1359,Boys in Venice (1996),1.0,2,2.0
1675,1676,"War at Home, The (1996)",2.0,1,2.0
1679,1680,Sliding Doors (1998),2.0,1,2.0
1581,1582,T-Men (1947),1.0,1,1.0
1348,1349,Mille bolle blu (1993),1.0,1,1.0
1347,1348,Every Other Weekend (1990),1.0,1,1.0
1372,1373,Good Morning (1971),1.0,1,1.0
1653,1654,Chairman of the Board (1998),1.0,1,1.0
1578,1579,Baton Rouge (1988),1.0,1,1.0
1340,1341,Hedd Wyn (1992),1.0,1,1.0
1339,1340,"Crude Oasis, The (1995)",1.0,1,1.0
1338,1339,Stefano Quantestorie (1993),1.0,1,1.0
1342,1343,Lotto Land (1995),1.0,1,1.0
1658,1659,Getting Away With Murder (1996),1.0,1,1.0
1677,1678,Mat' i syn (1997),1.0,1,1.0
1362,1363,"Leopard Son, The (1996)",1.0,1,1.0
1660,1661,"New Age, The (1994)",1.0,1,1.0
1363,1364,Bird of Prey (1996),1.0,1,1.0
1351,1352,Shadow of Angels (Schatten der Engel) (1976),1.0,1,1.0
1582,1583,"Invitation, The (Zaproszenie) (1986)",1.0,1,1.0
829,830,Power 98 (1995),1.0,1,1.0
1365,1366,JLG/JLG - autoportrait de d�cembre (1994),1.0,1,1.0
1670,1671,"Further Gesture, A (1996)",1.0,1,1.0
1583,1584,"Symphonie pastorale, La (1946)",1.0,1,1.0
1600,1601,Office Killer (1997),1.0,1,1.0
1586,1587,Terror in a Texas Town (1958),1.0,1,1.0
1328,1329,"Low Life, The (1994)",1.0,1,1.0
1566,1567,Careful (1992),1.0,1,1.0
1617,1618,King of New York (1990),1.0,1,1.0
1568,1569,"Vie est belle, La (Life is Rosey) (1987)",1.0,1,1.0
598,599,Police Story 4: Project S (Chao ji ji hua) (1993),1.0,1,1.0
1567,1568,Vermont Is For Lovers (1992),1.0,1,1.0
1545,1546,Shadows (Cienie) (1988),1.0,1,1.0
1547,1548,The Courtyard (1995),1.0,1,1.0
1556,1557,Yankee Zulu (1994),1.0,1,1.0
1620,1621,Butterfly Kiss (1995),1.0,1,1.0
1558,1559,Hostile Intentions (1994),1.0,1,1.0
1560,1561,Tigrero: A Film That Was Never Made (1994),1.0,1,1.0
1561,1562,"Eye of Vichy, The (Oeil de Vichy, L') (1993)",1.0,1,1.0
1562,1563,"Promise, The (Versprechen, Das) (1994)",1.0,1,1.0
1563,1564,To Cross the Rubicon (1991),1.0,1,1.0
1564,1565,Daens (1992),1.0,1,1.0
851,852,"Bloody Child, The (1996)",1.0,1,1.0
1493,1494,"Mostro, Il (1994)",1.0,1,1.0
1324,1325,August (1996),1.0,1,1.0
1574,1575,"I, Worst of All (Yo, la peor de todas) (1990)",1.0,1,1.0
1585,1586,Lashou shentan (1992),1.0,1,1.0
1319,1320,Homage (1995),1.0,1,1.0
1565,1566,"Man from Down Under, The (1943)",1.0,1,1.0
1308,1309,"Very Natural Thing, A (1974)",1.0,1,1.0
1576,1577,"Death in the Garden (Mort en ce jardin, La) (1956)",1.0,1,1.0
1575,1576,"Hungarian Fairy Tale, A (1987)",1.0,1,1.0
1573,1574,Pharaoh's Army (1995),1.0,1,1.0
1492,1493,"Modern Affair, A (1995)",1.0,1,1.0
1571,1572,Wend Kuuni (God's Gift) (1982),1.0,1,1.0
1570,1571,Touki Bouki (Journey of the Hyena) (1973),1.0,1,1.0
1580,1581,"Woman in Question, The (1950)",1.0,1,1.0
1569,1570,Quartier Mozart (1992),1.0,1,1.0
1485,1486,Girl in the Cadillac (1995),1.0,1,1.0
1625,1626,Nobody Loves Me (Keiner liebt mich) (1994),1.0,1,1.0
1579,1580,Liebelei (1933),1.0,1,1.0
